borehole_id,project_dike_id,construction_year,investigation_year,project_id,dike_id,project_name,dike_name,waterboard,age_at_investigation,HR,bitumen,sample_id_bzs,test_name_bzs,id,test_id_bzs,sample_name_bzs,v,Sec_10,Sec_50,Sec_100,sig_b,eps_b,G_c,G_c_over_eps_b,G_c_over_eps_b_sig_b,V_Ber,sample_id_vs,test_name_vs,test_id_vs,sample_name_vs,pha_ini,pha_50,sig_cyc,sig_perm,E_ini,E_50,N_fat,number_of_boreholes
1,1,1984,2006,1,1,P_0601831,"het_flaauwe_werk_29,6 - 48,5",Hollandse Delta,22,3.7083333333333335,,1.0,T_k1-b1,1.0,1.0,k1-b1,0.140011657043654,845.411263351483,682.612477955035,469.8888482975208,6.259761589625616,13307.685103759395,1220.3859721377949,0.0917053539080991,0.0146499754974827,0.2893187659877975,2.0,T_K1-b2,2.0,K1-b2,13.4,12.8,3.8681481481481472,0.1185555555555555,2366.0,2436.0,490.0,8
2,1,1984,2006,1,1,P_0601831,"het_flaauwe_werk_29,6 - 48,5",Hollandse Delta,22,3.041666666666667,,4.0,T_k2-b1,2.0,4.0,k2-b1,0.0962967452056505,1212.4612762991137,772.9554177770926,535.3810921163114,5.381162917942285,10049.202918598792,790.3098409824495,0.0786440325052811,0.0146146908585614,0.2946470238372022,5.0,T_K2-b2b,5.0,K2-b2b,13.3,11.4,1.366593406593407,0.1146483516483516,1826.0,2296.0,24000.0,8
3,1,1984,2006,1,1,P_0601831,"het_flaauwe_werk_29,6 - 48,5",Hollandse Delta,22,5.208333333333334,,7.0,T_k3-b1,3.0,7.0,k3-b1,0.0829523921464643,937.0314951712496,579.9488527227073,352.8594252702297,4.876932069250841,13780.406940265488,1056.2847037068668,0.0766511982037677,0.015717093680073,0.3818872523956044,8.0,T_K3-b2b,8.0,K3-b2b,13.6,13.1,2.781395348837209,0.116813953488372,2302.0,2157.0,2000.0,8
4,1,1984,2006,1,1,P_0601831,"het_flaauwe_werk_29,6 - 48,5",Hollandse Delta,22,4.708333333333333,,10.0,T_k4-b1,4.0,10.0,k4-b1,0.0831272972065939,1180.7258112235102,828.7128477289973,537.1208681638396,6.708307866609026,12456.420151092228,1309.3064426142876,0.1051109730350162,0.0156687759603598,0.3713310172734158,11.0,T_K4-b2,11.0,K4-b2,10.7,9.0,1.6879166666666674,0.1162083333333333,1859.0,2615.0,29000.0,8
5,1,1984,2006,1,1,P_0601831,"het_flaauwe_werk_29,6 - 48,5",Hollandse Delta,22,4.708333333333333,,13.0,T_k5-b1,5.0,13.0,k5-b1,0.0832832685930381,955.572918421382,500.0399833869168,289.31715328571613,4.720396037382462,16308.786974619286,1308.015355886871,0.0802031051066203,0.0169907576549645,0.5010781910953102,14.0,T_K5-b2b,14.0,K5-b2b,12.6,11.5,2.2827272727272727,0.1145,2389.0,2209.0,2500.0,8
6,1,1984,2006,1,1,P_0601831,"het_flaauwe_werk_29,6 - 48,5",Hollandse Delta,22,3.583333333333333,,16.0,T_k6-b1,6.0,16.0,k6-b1,0.0980669639664502,808.1568312902599,449.47309793103386,284.2916110720767,4.8558408142454565,17055.356354599407,1295.2185457021708,0.0759420394844393,0.0156393181715615,0.4078010096619464,17.0,T_K6-b2,17.0,K6-b2,13.2,13.6,1.6890566037735846,0.1207735849056603,2136.0,2170.0,7000.0,8
7,1,1984,2006,1,1,P_0601831,"het_flaauwe_werk_29,6 - 48,5",Hollandse Delta,22,3.0,,19.0,T_k7-b1,7.0,19.0,k7-b1,0.083757986342517,679.3698532228822,392.8489056845279,245.73818235309395,5.0296820977475765,20454.36269526477,1669.1007607913632,0.0816012107371971,0.0162239300916732,0.4305174092265918,20.0,T_K7-b2,20.0,K7-b2,14.6,13.2,2.976756756756757,0.1157027027027027,2425.0,2351.0,1400.0,8
8,1,1984,2006,1,1,P_0601831,"het_flaauwe_werk_29,6 - 48,5",Hollandse Delta,22,2.708333333333333,,21.0,T_k8-b1,8.0,21.0,k8-b1,0.0832542383138583,998.7511437305972,590.8258578341249,365.7254713069125,5.201369142950476,14233.350680098103,1197.10555882917,0.0841056744637812,0.0161699106816464,0.4202265629752957,22.0,T_K8-b2,22.0,K8-b2,11.6,10.6,1.5416666666666674,0.1119166666666667,2161.0,2398.0,22000.0,8
9,2,1959,2007,2,2,P_0702493,hellegatsdam_-,Rijkswaterstaat Zuid-Holland Waterdistrict Haringvliet,48,11.300373909430828,6.3,23.0,T_H1L,9.0,23.0,H1L,0.3496185997830981,384.75715747032353,783.0145660799567,741.1424553228203,2.919475749739619,3854.682,134.61078955459368,0.0349213734244728,0.0119615220053077,0.0085363966276378,24.0,T_H1R,24.0,H1R,9.1,9.3,1.391891891891892,0.1194324324324324,2136.0,2085.0,1500.0,8
10,2,1959,2007,2,2,P_0702493,hellegatsdam_-,Rijkswaterstaat Zuid-Holland Waterdistrict Haringvliet,48,3.7390943082675534,6.6,26.0,T_H2L,10.0,26.0,H2L,0.3435598834046817,1308.5167142802595,1116.1767804786102,729.7375980627941,9.52545361207707,13051.358977421762,1840.8771598243072,0.141048695619279,0.0148075568223278,0.343188866239534,27.0,T_H2R,27.0,H2R,11.2,11.0,2.927272727272727,0.1253863636363636,2726.0,2586.0,3000.0,8
11,2,1959,2007,2,2,P_0702493,hellegatsdam_-,Rijkswaterstaat Zuid-Holland Waterdistrict Haringvliet,48,15.953469048608229,6.1,29.0,T_H3L,11.0,29.0,H3L,0.3509534072622678,299.7646988572056,565.5064825665725,479.5827452055957,1.6993530197787623,3458.07,73.25246087182924,0.0211830474431776,0.012465360167445,0.1081911792788945,30.0,T_H3R,30.0,H3R,14.6,15.3,0.8053061224489799,0.1236938775510205,1224.0,1105.0,5500.0,8
12,2,1959,2007,2,2,P_0702493,hellegatsdam_-,Rijkswaterstaat Zuid-Holland Waterdistrict Haringvliet,48,8.890735355213963,6.4,31.0,T_H4R,12.0,31.0,H4R,0.3493854964775939,443.11112604911335,433.88460225464735,347.9931140516421,3.2791786887175,9417.70728315085,405.3672623504511,0.0430430942651711,0.0131261813859876,0.1666506667341686,32.0,T_H4L,32.0,H4L,17.2,15.6,0.6397101449275361,0.1196666666666666,1229.0,1571.0,50000.0,8
13,2,1959,2007,2,2,P_0702493,hellegatsdam_-,Rijkswaterstaat Zuid-Holland Waterdistrict Haringvliet,48,5.110095554632322,6.5,34.0,T_H5L,13.0,34.0,H5L,0.3455054438692826,1223.6596937871325,1346.320964864523,868.8414557065424,8.333366930296293,9564.333,1195.0074255578777,0.1249441467123611,0.0149932371582153,0.3348891366005025,35.0,T_H5R,35.0,H5R,11.8,11.5,1.5997333333333328,0.1192533333333333,2460.0,2211.0,18500.0,8
14,2,1959,2007,2,2,P_0702493,hellegatsdam_-,Rijkswaterstaat Zuid-Holland Waterdistrict Haringvliet,48,12.42210220191109,6.4,37.0,T_H6R,14.0,37.0,H6R,0.3508852074426907,233.64514073139927,311.5510392983863,283.3188498248324,1.0091814597572033,3468.0660000000007,44.058596076290776,0.0127040823549179,0.0125885015346738,0.0899297599921633,38.0,T_H6L,38.0,H6L,11.6,10.8,0.5512121212121205,0.1203939393939394,1607.0,1454.0,14000.0,8
15,2,1959,2007,2,2,P_0702493,hellegatsdam_-,Rijkswaterstaat Zuid-Holland Waterdistrict Haringvliet,48,5.6,6.4,40.0,T_H7L,15.0,40.0,H7L,0.3461936751588703,2146.0495250794816,2047.0812628261303,1429.5705034176517,8.868492376061347,6200.199786247988,803.3575414735838,0.1295696218137078,0.0146101069177726,0.2856746658558436,41.0,T_H7R,41.0,H7R,8.6,7.1,1.7189855072463762,0.1182536231884058,1907.0,2381.0,50000.0,8
16,2,1959,2007,2,2,P_0702493,hellegatsdam_-,Rijkswaterstaat Zuid-Holland Waterdistrict Haringvliet,48,5.110095554632322,6.1,43.0,T_H8L,16.0,43.0,H8L,0.3485412334201199,1269.1394787932743,1161.6729286261211,1064.0376624566911,6.646569991624241,6281.237650240384,506.66601680041936,0.0806634050506,0.0121360950313092,0.0718912600933491,44.0,T_H8R,44.0,H8R,10.9,11.1,3.4125,0.11903125,2086.0,2229.0,1000.0,8
17,6,1965,2009,3,6,P_0802158,"lauwersmeerdijk_friesland_55,3 - 61,8",Wetterskip Fryslân,44,5.4088050314465415,7.3,46.0,T_BK1B,17.0,46.0,BK1B,0.3526280845111981,1669.3569940617024,1558.9108063239364,1224.14791031782,8.64355337866063,7055.145072347269,787.6651439504265,0.111644074767178,0.0129164557533487,0.1700263207176953,,,,,,,,,,,,3
18,5,1975,2009,3,5,P_0802158,"paesens_-_wierum_49,75 - 55,3",Wetterskip Fryslân,34,5.008347245409015,7.3,47.0,T_BK10B,18.0,47.0,BK10B,0.3635616076834551,3978.332431699302,1892.497005472945,1174.3771849572383,4.2143600416233085,3581.0774647887333,252.21319553318787,0.0704294162896772,0.0167117701368839,0.5130141035769828,48.0,T_Bk10A,48.0,Bk10A,13.4,13.7,0.991054054054054,0.5547466666666663,2043.0,2000.0,19215.0,8
19,5,1975,2009,3,5,P_0802158,"paesens_-_wierum_49,75 - 55,3",Wetterskip Fryslân,34,1.7111853088480802,6.8,49.0,T_BK11B,19.0,49.0,BK11B,0.3811306839733371,4855.957701534965,1856.7542917193405,1110.5059878682498,8.599482419184664,7739.730150816008,1138.9053345212362,0.1471505223474955,0.0171115556930747,0.5422882645697437,50.0,T_BK11Aa,50.0,BK11Aa,19.7,17.5,3.198870967741935,1.6641562499999991,2631.0,2713.0,1100.0,8
20,5,1975,2009,3,5,P_0802158,"paesens_-_wierum_49,75 - 55,3",Wetterskip Fryslân,34,3.8011695906432745,6.5,51.0,T_BK12B,20.0,51.0,BK12B,0.3751306374307727,8208.353351313626,7648.566091449446,5805.242584364756,6.792578091256827,1168.0276229557498,112.56875892787488,0.0963750828452277,0.014188292214009,0.2747102552777546,52.0,T_BK12A,52.0,BK12A,10.4,10.6,4.047714285714286,2.080375,3046.0,3041.0,80.0,8
21,5,1975,2009,3,5,P_0802158,"paesens_-_wierum_49,75 - 55,3",Wetterskip Fryslân,34,3.341687552213868,6.7,53.0,T_BK13B,21.0,53.0,BK13B,0.3632261027220118,8491.239222342616,6499.178875743263,4325.452431833275,7.478152308083273,1727.7545288683598,192.64311400483547,0.1114991225813845,0.0149099828390581,0.3357516881744717,54.0,T_BK13A,54.0,BK13A,12.1,11.3,3.559785714285714,1.8382666666666667,2686.0,2765.0,225.0,8
22,5,1975,2009,3,5,P_0802158,"paesens_-_wierum_49,75 - 55,3",Wetterskip Fryslân,34,5.4088050314465415,6.7,55.0,T_BK14B,22.0,55.0,BK14B,0.3886298220030338,2478.6391273348986,2377.397078610225,2207.824713182089,5.2901736241064095,2396.1021871531634,146.6080401783876,0.0611860549873185,0.0115659823920531,0.0492162555653746,56.0,T_BK14A,56.0,BK14A,11.2,9.5,2.4493200000000006,1.2837647058823525,2130.0,2284.0,7060.0,8
23,5,1975,2009,3,5,P_0802158,"paesens_-_wierum_49,75 - 55,3",Wetterskip Fryslân,34,5.660377358490567,6.9,57.0,T_BK15B,23.0,57.0,BK15B,0.3860053458365588,2215.3494776509174,2011.3876796603815,1937.5946580907923,5.232908819226431,2700.7242187500005,162.85586117248437,0.0603008111831056,0.0115233827429884,0.0449450920891405,58.0,T_BK15A,58.0,BK15A,12.0,9.3,2.043827586206897,1.0804915254237293,2223.0,2683.0,11095.0,8
24,5,1975,2009,3,5,P_0802158,"paesens_-_wierum_49,75 - 55,3",Wetterskip Fryslân,34,3.7735849056603774,6.7,59.0,T_BK16B,24.0,59.0,BK16B,0.3854067757111181,2356.406456395762,2198.8133893426448,1902.0639323895505,6.882617557252929,3624.764062499999,311.3039255085374,0.085882534736297,0.0124781791261659,0.1201757479481818,60.0,T_BK16A,60.0,BK16A,10.0,9.9,4.122724137931035,2.1223333333333327,2750.0,2614.0,900.0,8
25,3,1977,2009,3,3,P_0802158,"t_schoor_-_veerdam_holwerd_40,7 - 49,75",Wetterskip Fryslân,32,11.76470588235294,6.9,61.0,T_BK17B,25.0,61.0,BK17B,0.3954219237290848,1049.9434335230496,707.04698276639,464.7396555813296,2.1686920124371443,4659.359507918551,147.27406757897796,0.0316082215439024,0.0145747857983677,0.322935932632046,62.0,T_BK17A,62.0,BK17A,13.1,12.1,0.5199852941176472,0.3194817518248178,1364.0,1584.0,50000.0,8
26,3,1977,2009,3,3,P_0802158,"t_schoor_-_veerdam_holwerd_40,7 - 49,75",Wetterskip Fryslân,32,6.25782227784731,7.1,63.0,T_BK18B,26.0,63.0,BK18B,0.3947009047070638,2609.328478827936,2558.256087006277,1585.7767338155672,2.4686868065978107,1550.4762536273945,57.3007894409234,0.0369568958614272,0.014970265066697,0.3499136067972025,64.0,T_BK18A,64.0,BK18A,9.3,8.3,0.8567575757575749,0.4889850746268654,2242.0,2255.0,15000.0,8
27,3,1977,2009,3,3,P_0802158,"t_schoor_-_veerdam_holwerd_40,7 - 49,75",Wetterskip Fryslân,32,4.755944931163955,6.7,65.0,T_BK19B,27.0,65.0,BK19B,0.3795986236344303,2710.3850267448693,2519.1129257048137,2263.2515567561395,6.235590464703629,2752.3954333910046,207.741819534686,0.0754767345616265,0.0121041840365977,0.0904608827360327,66.0,T_BK19A,66.0,BK19A,9.8,9.5,3.752307692307693,1.937888888888889,2708.0,2834.0,600.0,8
28,6,1965,2009,3,6,P_0802158,"lauwersmeerdijk_friesland_55,3 - 61,8",Wetterskip Fryslân,44,5.283018867924529,7.4,67.0,T_BK2B,28.0,67.0,BK2B,0.3970932034576946,3130.842894231856,2778.1093035212093,2102.320039554781,7.644214704260468,3627.749816326528,360.7692100304528,0.0994471031069526,0.0130094596965632,0.1797793189044005,,,,,,,,,,,,3
29,3,1977,2009,3,3,P_0802158,"t_schoor_-_veerdam_holwerd_40,7 - 49,75",Wetterskip Fryslân,32,5.088953247827885,7.5,68.0,T_BK20B,29.0,68.0,BK20B,0.3845621797471195,1084.8462606803105,691.7002438497371,394.18124025354393,6.636041431082416,16839.443644646923,1800.1337919179907,0.1068998376612183,0.0161089768307522,0.4643350481822044,69.0,T_BK20A,69.0,BK20A,23.8,23.1,4.088058823529412,2.110722222222222,2156.0,2131.0,305.0,8
30,3,1977,2009,3,3,P_0802158,"t_schoor_-_veerdam_holwerd_40,7 - 49,75",Wetterskip Fryslân,32,4.178733967728589,6.9,70.0,T_BK21B,30.0,70.0,BK21B,0.3867793192623315,1448.197840207959,1060.3171582712444,733.2674023026058,6.819707267739013,9305.45247186959,918.145629109148,0.098667488967861,0.0144679947531784,0.3018856293900238,71.0,T_BK21A,71.0,BK21A,19.4,17.3,3.1393600000000004,1.629038461538462,2706.0,2710.0,500.0,8
31,3,1977,2009,3,3,P_0802158,"t_schoor_-_veerdam_holwerd_40,7 - 49,75",Wetterskip Fryslân,32,3.213689482470785,6.9,72.0,T_BK22B,31.0,72.0,BK22B,0.3897328305859608,1270.2042990410037,1100.478859054526,789.175862261644,5.781225729633815,7329.664422512092,584.4384543485086,0.0797360452892609,0.0137922387082283,0.2452336287602593,73.0,T_BK22A,73.0,BK22A,20.5,17.4,2.736133333333333,1.430548387096774,2621.0,2581.0,1000.0,8
32,3,1977,2009,3,3,P_0802158,"t_schoor_-_veerdam_holwerd_40,7 - 49,75",Wetterskip Fryslân,32,2.921535893155259,6.9,74.0,T_BK23B,32.0,74.0,BK23B,0.3814043389381866,1326.3699141446375,742.546401724644,455.7504310639494,8.03076923076923,17583.93,2291.1211093910524,0.1302963051713156,0.016224635701409,0.4396611864545535,75.0,T_BK23A,75.0,BK23A,18.3,15.5,2.7183235294117645,1.4195999999999995,2514.0,2486.0,1400.0,8
33,3,1977,2009,3,3,P_0802158,"t_schoor_-_veerdam_holwerd_40,7 - 49,75",Wetterskip Fryslân,32,1.4190317195325544,6.3,76.0,T_BK24B,33.0,76.0,BK24B,0.3787610831681361,2358.8020601094445,1090.460411343661,634.081408271942,9.177429739147248,14478.215747312826,2219.101745962992,0.1532717694426442,0.0167009471931828,0.5028447943805371,77.0,T_BK24A,77.0,BK24A,18.4,15.6,2.3069047619047622,1.215,2594.0,2958.0,3000.0,8
34,4,1977,2009,3,4,P_0802158,"zurichoord_6,55 - 7,4",Wetterskip Fryslân,32,3.341687552213868,7.1,78.0,T_BK25B,34.0,78.0,BK25B,0.3859097988080313,1572.4681821679042,1237.3521210212457,832.0681865179804,6.814150404727676,8189.41345810056,809.8079570358079,0.0988847322435267,0.0145116744377876,0.3086575870244394,79.0,T_BK25A,79.0,BK25A,18.6,17.1,3.167000000000001,1.644705882352941,2523.0,2454.0,1300.0,8
35,4,1977,2009,3,4,P_0802158,"zurichoord_6,55 - 7,4",Wetterskip Fryslân,32,2.882205513784461,7.2,80.0,T_BK26B,35.0,80.0,BK26B,0.3639228664450409,1644.475076944791,1150.292273188165,718.2544609773873,6.165354330708661,8587.082282793865,799.9427882710316,0.0931565299978428,0.015109679833622,0.3816291239863975,81.0,T_BK26A,81.0,BK26A,22.2,21.9,3.710583333333334,1.9207692307692308,2350.0,2293.0,175.0,8
36,4,1977,2009,3,4,P_0802158,"zurichoord_6,55 - 7,4",Wetterskip Fryslân,32,3.1746031746031744,7.0,82.0,T_BK27B,36.0,82.0,BK27B,0.371321376697742,1315.397614807457,1192.3462050732462,761.7419942060363,5.578460656281253,7323.294105763045,608.2280169901932,0.0830538837039946,0.0148883157597387,0.3426229661177559,83.0,T_Bk27A,83.0,Bk27A,17.8,15.1,2.591513513513514,1.3563947368421043,2472.0,2653.0,1700.0,8
37,4,1977,2009,3,4,P_0802158,"zurichoord_6,55 - 7,4",Wetterskip Fryslân,32,4.1995841995842,7.1,84.0,T_BK28B,37.0,84.0,BK28B,0.3633383623167931,1394.7379704785087,878.5832673468516,546.156383212246,7.41673790514285,13539.96,1581.7748900346903,0.116822715136137,0.0157512260282422,0.4153648161101497,85.0,T_BK28A,85.0,BK28A,18.6,15.6,2.6039999999999983,1.3632857142857144,2753.0,2751.0,2500.0,8
38,4,1977,2009,3,4,P_0802158,"zurichoord_6,55 - 7,4",Wetterskip Fryslân,32,4.158004158004158,7.0,86.0,T_BK29B,38.0,86.0,BK29B,0.3672705403942621,2487.0517951645847,1188.12389592735,752.9551302923669,5.293280632411067,7030.008056862201,587.5273515000049,0.0835742074187954,0.0157887354218602,0.4375793516437607,87.0,T_BK29A,87.0,BK29A,17.8,14.3,1.8563404255319145,0.9889791666666664,2332.0,2386.0,5500.0,8
39,6,1965,2009,3,6,P_0802158,"lauwersmeerdijk_friesland_55,3 - 61,8",Wetterskip Fryslân,44,7.425949103045474,7.5,88.0,T_BK3B,39.0,88.0,BK3B,0.3733078770173408,4976.0631736191335,2503.857460784184,1429.1230629099905,12.221225645854515,8547.303268867929,1815.2914440105635,0.2123817755036782,0.0173781077003286,0.5694186005251193,,,,,,,,,,,,3
40,4,1977,2009,3,4,P_0802158,"zurichoord_6,55 - 7,4",Wetterskip Fryslân,32,2.270815811606392,6.8,89.0,T_BK30B,40.0,89.0,BK30B,0.3669006443662675,2102.364068426417,1414.0436270066175,906.843731622203,5.800816756261528,6375.625772260273,568.9001078272122,0.0892304737054111,0.0153823982819477,0.382601282993431,90.0,T_BK30A,90.0,BK30A,18.0,18.0,3.4906666666666664,1.8066153846153843,2307.0,2227.0,175.0,8
41,4,1977,2009,3,4,P_0802158,"zurichoord_6,55 - 7,4",Wetterskip Fryslân,32,1.6400336417157275,7.1,91.0,T_BK31B,41.0,91.0,BK31B,0.3600235441740465,1978.306815293421,938.2377343807076,553.0684095022034,7.586291156874541,13712.03983546618,1744.2884142837215,0.1272085287975988,0.0167682107326351,0.5176563935500765,92.0,T_BK31A,92.0,BK31A,17.8,13.9,1.89949090909091,1.010482142857143,2852.0,2951.0,9575.0,8
42,4,1977,2009,3,4,P_0802158,"zurichoord_6,55 - 7,4",Wetterskip Fryslân,32,4.96215306980656,6.5,93.0,T_BK32B,42.0,93.0,BK32B,0.3717929537524723,4066.1009985041874,1890.336045370791,1327.3710488656857,4.55,3421.3672962555065,229.57492569981392,0.0671003449267404,0.0147473285553275,0.3325303531484633,94.0,T_BK32A,94.0,BK32A,14.2,10.4,1.1399702970297032,0.6311470588235295,1717.0,2332.0,32725.0,8
43,7,1976,2009,3,7,P_0802158,"langgrousterwei_55,3 - 61,8",Wetterskip Fryslân,33,6.341259908218606,8.0,95.0,T_BK6B,43.0,95.0,BK6B,0.3811200791454397,5750.654786015455,5158.109696284567,3219.808439045904,6.403827447013258,1990.1350378787884,186.96954892065645,0.093948172039592,0.0146706282792503,0.325308110176493,,,,,,,,,,,,3
44,7,1976,2009,3,7,P_0802158,"langgrousterwei_55,3 - 61,8",Wetterskip Fryslân,33,5.833678113363674,8.2,96.0,T_BK7B,44.0,96.0,BK7B,0.3852790474421468,2380.0528619602483,2207.5669251669947,2041.8283116453504,5.294651149741239,2600.561278266332,163.31149112675874,0.0627985552548219,0.0118607540853548,0.0678252109245925,,,,,,,,,,,,3
45,7,1976,2009,3,7,P_0802158,"langgrousterwei_55,3 - 61,8",Wetterskip Fryslân,33,7.157633429871741,7.0,97.0,T_BK8B,45.0,97.0,BK8B,0.3653292656605342,7001.511436414102,7569.74506781619,4491.111365797645,8.313686971089032,1851.1424665178563,224.71240083756,0.1213911975452983,0.0146013673557157,0.3136345546949049,,,,,,,,,,,,3
46,5,1975,2009,3,5,P_0802158,"paesens_-_wierum_49,75 - 55,3",Wetterskip Fryslân,34,3.881469115191986,8.0,98.0,T_BK9B,46.0,98.0,BK9B,0.3784087480731711,4785.8178327642645,1161.7147667288734,628.0233522731656,9.322499189221547,14846.2595509034,2621.4106071816973,0.1765704417461961,0.0189402474768078,0.707819379669874,99.0,T_BK9A,99.0,BK9A,17.2,15.1,2.296714285714285,1.2075116279069769,2378.0,2452.0,3000.0,8
47,9,1970,2009,4,9,P_0803318,eemshaven_havendam_-,Noorderzijlvest,39,3.791666666666671,,100.0,T_1b,47.0,100.0,1b,0.3500499130450142,1402.7228593240686,1076.8957512317272,679.3490580936863,8.937929244940852,13140.930345297034,1820.2795333257009,0.1385198372942563,0.0154979787261868,0.3873885113030531,101.0,T_1A,101.0,1A,11.9,11.5,2.6943529411764686,1.4095714285714287,2760.0,2711.0,1434.0,8
48,10,1980,2009,4,10,P_0803318,"emmapolder_47,5 - 57","{'emmapolder_47,5 - 57': 'Noorderzijlvest'}",29,3.5833333333333384,,103.0,T_10b,48.0,103.0,10b,0.3518081326553223,1361.7815125159796,868.8168388034699,555.9130376373619,8.190735899788946,14709.980489317708,1873.3350698681936,0.1273512953486646,0.0155482116511589,0.3942616256222526,104.0,T_10A,104.0,10A,19.5,18.1,3.2143200000000007,1.6693461538461538,2841.0,2545.0,599.0,7
49,10,1980,2009,4,10,P_0803318,"emmapolder_47,5 - 57","{'emmapolder_47,5 - 57': 'Noorderzijlvest'}",29,2.2083333333333344,,106.0,T_11b,49.0,106.0,11b,0.3497948908354342,1692.7139501655126,977.262827214586,569.4593393441131,8.850830318519256,15526.399655817171,2285.5553316415376,0.1472044635141942,0.0166317123045718,0.5043645235578731,107.0,T_11A,107.0,11A,18.1,17.3,3.4581111111111107,1.7923571428571432,3043.0,2898.0,716.0,7
50,10,1980,2009,4,10,P_0803318,"emmapolder_47,5 - 57","{'emmapolder_47,5 - 57': 'Noorderzijlvest'}",29,2.124999999999999,,109.0,T_13b,50.0,109.0,13b,0.3487233614982835,2277.0873128916464,1898.5590802356005,1315.430628248752,11.099736900004876,8423.44391304348,1354.722995799767,0.1608276863697061,0.0144893241901648,0.3033917085550606,110.0,T_13A,110.0,13A,9.8,9.2,2.232811594202897,1.17740579710145,2477.0,2697.0,16500.0,7
51,10,1980,2009,4,10,P_0803318,"emmapolder_47,5 - 57","{'emmapolder_47,5 - 57': 'Noorderzijlvest'}",29,2.833333333333332,,112.0,T_14b,51.0,112.0,14b,0.3527244147615899,1743.6862088215312,1650.274601496824,1191.0287681823452,6.15460837483792,5161.952849178403,450.93563630535664,0.0873575659214185,0.0141938463994825,0.2609801163369198,113.0,T_14A,113.0,14A,17.7,16.9,3.3216799999999997,1.7196538461538464,2752.0,2547.0,500.0,7
52,10,1980,2009,4,10,P_0803318,"emmapolder_47,5 - 57","{'emmapolder_47,5 - 57': 'Noorderzijlvest'}",29,2.79166666666667,,115.0,T_15b,52.0,115.0,15b,0.3539529448980911,1995.7849075606837,1545.6438552416537,1127.492693211887,6.834962118711467,6052.960332387766,575.224864980536,0.0950319898682735,0.0139038063734271,0.2544260539384756,116.0,T_15A,116.0,15A,17.1,16.9,4.703285714285714,2.420625,2292.0,2266.0,84.0,7
53,10,1980,2009,4,10,P_0803318,"emmapolder_47,5 - 57","{'emmapolder_47,5 - 57': 'Noorderzijlvest'}",29,1.041666666666663,,118.0,T_16b,53.0,118.0,16b,0.3553409291256706,2878.860498954013,2832.9550836794747,2635.012097181266,8.231557236138407,3108.108236133768,298.0928397634064,0.0959081271037746,0.0116512737933372,0.0474239149584465,119.0,T_16A,119.0,16A,11.0,10.7,5.003000000000001,2.561363636363637,2700.0,2740.0,134.0,7
54,8,1980,2009,4,8,P_0803318,negenboerenpolder_74 - 82,Noorderzijlvest,29,2.25,,121.0,T_17b,54.0,121.0,17b,0.3548568159520025,2007.6525582097968,1967.525245206112,1746.7389802735154,8.129246284863118,4647.929095249184,457.2437105500913,0.0983757929993933,0.0121014654436748,0.0834136586624795,122.0,T_17A,122.0,17A,12.8,12.1,3.2601249999999995,1.6905609756097555,3277.0,3141.0,2000.0,8
55,8,1980,2009,4,8,P_0803318,negenboerenpolder_74 - 82,Noorderzijlvest,29,2.9166666666666674,,124.0,T_18b,55.0,124.0,18b,0.1884040904122562,1719.4483674401545,1725.714649352385,1080.784386520009,7.420289162194573,6857.046903520207,764.5436035509772,0.1114975023954529,0.0150260319993348,0.3567518483210271,125.0,T_18A,125.0,18A,-9.9,10.7,4.2722,2.187666666666667,1768.0,3234.0,60.0,8
56,8,1980,2009,4,8,P_0803318,negenboerenpolder_74 - 82,Noorderzijlvest,29,7.499999999999996,,127.0,T_19b,56.0,127.0,19b,0.3561089625312619,2366.7934645999158,2177.5798505694934,1852.7770132475043,4.5864,2464.409841799398,145.28324169867145,0.0589525488960847,0.0128537739612952,0.1516945919925593,128.0,T_19A,128.0,19A,10.0,10.0,1.130390243902439,0.6259761904761906,2796.0,2347.0,2500.0,8
57,9,1970,2009,4,9,P_0803318,eemshaven_havendam_-,Noorderzijlvest,39,4.249999999999998,,130.0,T_2b,57.0,130.0,2b,0.3501985730644164,1280.3367684824466,777.2603514168358,494.5836821104323,6.411934852971728,12958.435709606982,1281.511823075048,0.0988940217625939,0.0154234289696127,0.3958888934489534,131.0,T_2A,131.0,2A,16.6,15.9,2.525470588235294,1.326142857142857,2762.0,2568.0,1406.0,8
58,8,1980,2009,4,8,P_0803318,negenboerenpolder_74 - 82,Noorderzijlvest,29,4.416666666666669,,133.0,T_20b,58.0,133.0,20b,0.3570294959584339,2537.981289579364,2371.58755264056,2285.4842681856585,4.111871094990066,1797.0358398129918,84.50669217315534,0.0470256019946433,0.0114365457740004,0.0342874350560459,134.0,T_20A,134.0,20A,8.7,8.3,2.207282051282052,1.164125,3169.0,3264.0,1900.0,8
59,8,1980,2009,4,8,P_0803318,negenboerenpolder_74 - 82,Noorderzijlvest,29,2.041666666666664,,136.0,T_21b,59.0,136.0,21b,0.3527937198625812,3117.493055387068,2925.7953189266345,2518.8336052687864,5.753784860557769,2285.1435731827114,162.62074532120033,0.0711643448707709,0.0123682665576537,0.1175965661495911,137.0,T_21A,137.0,21A,9.8,9.9,2.2860212765957466,1.203705263157893,3282.0,3043.0,29000.0,8
60,8,1980,2009,4,8,P_0803318,negenboerenpolder_74 - 82,Noorderzijlvest,29,2.79166666666667,,139.0,T_22b,60.0,139.0,22b,0.3513146159367568,1914.7918545781397,1771.7347911890793,1420.035790606351,8.81253751736039,6213.724465274284,703.4435791202386,0.1132080418195993,0.0128462479276353,0.1716717370078218,140.0,T_22A,140.0,22A,12.9,12.7,4.799909090909091,2.4596956521739126,3042.0,2947.0,425.0,8
61,8,1980,2009,4,8,P_0803318,negenboerenpolder_74 - 82,Noorderzijlvest,29,3.45833333333333,,142.0,T_23b,61.0,142.0,23b,0.3497936762651163,1778.2172489321374,914.9923627889456,544.5783255286718,8.311904761904762,15261.70222168206,2113.0743821683027,0.1384560091315561,0.0166575548081505,0.5110438299000636,143.0,T_23A,143.0,23A,17.7,16.3,2.07578260869565,1.099085106382978,2723.0,2625.0,5000.0,8
62,8,1980,2009,4,8,P_0803318,negenboerenpolder_74 - 82,Noorderzijlvest,29,1.041666666666663,,145.0,T_24b,62.0,145.0,24b,0.3527091921380747,807.2399530852268,622.2330378154559,394.6198396018352,7.202029487801084,18245.03361068112,2003.2007838175648,0.1097943049359382,0.015244911885172,0.3716272866197028,146.0,T_24A,146.0,24A,9999999.0,29.1,4.297,2.238,9999999.0,1954.0,20.0,8
63,9,1970,2009,4,9,P_0803318,eemshaven_havendam_-,Noorderzijlvest,39,5.083333333333329,,148.0,T_3b,63.0,148.0,3b,0.3535856392081081,2793.992669793322,2546.7086829898635,2305.9443601924454,8.387319842491358,3625.6774018171136,363.6375481473056,0.1002950643002761,0.0119579396259776,0.0725503443313571,,,,,,,,,,,,8
64,9,1970,2009,4,9,P_0803318,eemshaven_havendam_-,Noorderzijlvest,39,6.666666666666665,,150.0,T_4b,64.0,150.0,4b,0.3548235072643875,1991.5164759482168,1898.097933477869,1660.333004526761,5.534366744812023,3334.5792718293915,224.11848317187224,0.0672104229355801,0.012144193913167,0.0951721860247608,151.0,T_4A,151.0,4A,9.1,9.2,1.9335348837209312,1.0286590909090907,2721.0,2615.0,3500.0,8
65,9,1970,2009,4,9,P_0803318,eemshaven_havendam_-,Noorderzijlvest,39,4.249999999999998,,153.0,T_5b,65.0,153.0,5b,0.3497586184695386,1566.2147968069798,1407.7560038522054,1068.2617225488882,8.502788844621515,7956.293140737412,910.7459370668277,0.1144686251445,0.0134624800446394,0.2157433259632679,154.0,T_5A,154.0,5A,19.0,18.5,3.3227272727272723,1.7229565217391305,2123.0,2083.0,434.0,8
66,9,1970,2009,4,9,P_0803318,eemshaven_havendam_-,Noorderzijlvest,39,3.500000000000003,,156.0,T_6b,66.0,156.0,6b,0.3494298460108574,1299.2655950686178,945.900787839056,603.7041728572626,9.183143308536954,15218.676718215997,2153.3345735605326,0.1414928914931939,0.0154078932168746,0.3729533420036479,157.0,T_6A,157.0,6A,18.5,18.7,5.066363636363636,2.595583333333334,2223.0,2228.0,159.0,8
67,9,1970,2009,4,9,P_0803318,eemshaven_havendam_-,Noorderzijlvest,39,4.45833333333333,,159.0,T_7b,67.0,159.0,7b,0.3505998687411474,1484.0529358587382,756.3814747556278,437.6553498056508,7.263264054281802,16589.359535472977,1995.9064198534245,0.120312445793075,0.016564514919728,0.5110012269191897,160.0,T_7A,160.0,7A,21.3,21.5,4.3198333333333325,2.2234615384615384,2332.0,2222.0,177.0,8
68,9,1970,2009,4,9,P_0803318,eemshaven_havendam_-,Noorderzijlvest,39,5.541666666666667,,162.0,T_8b,68.0,162.0,8b,0.3572429804374024,1319.409919664051,1079.938665294913,818.1746372211207,3.566250737948844,4350.0991659886095,208.94344589998843,0.0480318810967849,0.0134684531812844,0.2121684733651602,163.0,T_8A,163.0,8A,14.2,14.4,1.9615454545454547,1.0493636363636367,2069.0,2023.0,151.0,8
69,10,1980,2009,4,10,P_0803318,"emmapolder_47,5 - 57","{'emmapolder_47,5 - 57': 'Noorderzijlvest'}",29,2.2499999999999964,,165.0,T_9b,69.0,165.0,9b,0.350594216142711,1502.5044770619788,1110.9803051034123,716.1113953541537,8.445797599980608,11798.934515772866,1495.5845429875878,0.1267558982540571,0.0150081619590727,0.3480276933980792,166.0,T_9A,166.0,9A,23.0,22.7,5.045000000000001,2.5981666666666667,2707.0,2643.0,151.0,7
70,11,1968,2009,5,11,P_0900262,"noorderhavendam_0 - 1,206","{'noorderhavendam_0 - 1,206': 'Wetterskip Fryslân'}",41,10.506329113924052,,168.0,T_G1b,70.0,168.0,G1b,0.3497888204844472,2332.8570650842944,2068.9013766910566,1961.671696521109,3.832490745538486,1951.3556622058156,87.50172559376999,0.0448415054664396,0.0117003558374252,0.0496931952167025,169.0,T_G1A,169.0,G1A,10.5,10.3,2.116,1.1155185185185186,2022.0,2229.0,600.0,12
71,11,1968,2009,5,11,P_0900262,"noorderhavendam_0 - 1,206","{'noorderhavendam_0 - 1,206': 'Wetterskip Fryslân'}",41,5.527426160337553,,170.0,T_G10b,71.0,170.0,G10b,0.3684664775785068,2867.080071638588,2773.529043146842,2638.7084328132323,6.814510670441459,2575.7047281133346,201.7159842717451,0.0783148712933019,0.0114923690167512,0.0295539837045991,171.0,T_G10a,171.0,G10a,12.5,12.7,4.789636363636364,2.465416666666666,3099.0,3038.0,150.0,12
72,11,1968,2009,5,11,P_0900262,"noorderhavendam_0 - 1,206","{'noorderhavendam_0 - 1,206': 'Wetterskip Fryslân'}",41,4.514767932489452,,172.0,T_G11b,72.0,172.0,G11b,0.347161754878136,2199.0426349191403,1987.6683513858504,1844.095242079707,4.258694541011129,2315.3716363636363,115.30004320144062,0.0497976399946416,0.0116931701757643,0.0502068111841308,173.0,T_G11a,173.0,G11a,15.2,15.5,2.9637692307692305,1.5425000000000004,2671.0,2572.0,200.0,12
73,11,1968,2009,5,11,P_0900262,"noorderhavendam_0 - 1,206","{'noorderhavendam_0 - 1,206': 'Wetterskip Fryslân'}",41,6.79324894514768,,174.0,T_G12b,73.0,174.0,G12b,0.3478518665954128,1913.8243240853476,1756.1443693333845,1627.8920390348817,4.545226600289034,2780.1547112462,151.58996176518448,0.0545257287847964,0.0119962619204352,0.0666153110462439,175.0,T_G12a,175.0,G12a,7.8,7.0,1.150926470588236,0.633826086956522,3098.0,2978.0,16400.0,12
74,11,1968,2009,5,11,P_0900262,"noorderhavendam_0 - 1,206","{'noorderhavendam_0 - 1,206': 'Wetterskip Fryslân'}",41,5.443037974683544,,176.0,T_G2b,74.0,176.0,G2b,0.3434097636384171,2297.2612256236907,2188.462408771239,2089.418250045328,5.800568339685922,2772.946395408162,184.96892204011604,0.0667048314913024,0.0114997061641229,0.0378680538605378,177.0,T_G2a,177.0,G2a,9.7,9.1,1.4319632352941185,0.7732846715328471,2396.0,3216.0,50000.0,12
75,11,1968,2009,5,11,P_0900262,"noorderhavendam_0 - 1,206","{'noorderhavendam_0 - 1,206': 'Wetterskip Fryslân'}",41,10.464135021097048,,178.0,T_G3b,75.0,178.0,G3b,0.3587963233023421,2135.7362930477084,1896.5006542177816,1667.2125040912797,3.072500172279751,1826.0025298359024,69.42835856112406,0.0380220494915543,0.0123749543888039,0.0988867161043344,179.0,T_G3a,179.0,G3a,10.8,10.8,1.67575,0.8967575757575758,2369.0,2475.0,1200.0,12
76,11,1968,2009,5,11,P_0900262,"noorderhavendam_0 - 1,206","{'noorderhavendam_0 - 1,206': 'Wetterskip Fryslân'}",41,5.274261603375527,,180.0,T_G4b,76.0,180.0,G4b,0.3437989386837406,1799.069725091068,1617.4315580844873,1217.5428573897816,5.234412425604134,4301.810771206535,304.0517890561159,0.0706799543790342,0.0135029395149115,0.2121161455137072,181.0,T_G4a,181.0,G4a,19.4,20.0,3.663761904761905,1.8887727272727275,2785.0,2626.0,420.0,12
77,11,1968,2009,5,11,P_0900262,"noorderhavendam_0 - 1,206","{'noorderhavendam_0 - 1,206': 'Wetterskip Fryslân'}",41,2.19409282700422,,182.0,T_G5b,77.0,182.0,G5b,0.3439017953190762,1104.4650298083752,676.1091163295573,417.134484444042,6.310463041232272,15119.728438245824,1507.6306533064942,0.0997128129294237,0.0158011880075843,0.4297777378003099,183.0,T_G5a,183.0,G5a,9999999.0,23.7,4.308,2.22175,9999999.0,1726.0,40.0,12
78,11,1968,2009,5,11,P_0900262,"noorderhavendam_0 - 1,206","{'noorderhavendam_0 - 1,206': 'Wetterskip Fryslân'}",41,8.396624472573839,,184.0,T_G6b,78.0,184.0,G6b,0.3441704984520957,2842.507356613535,2465.6493618689665,2319.7636809520045,4.537159021622773,1965.4772250291487,104.07253986237455,0.0529502649723306,0.0116703568730972,0.0503321185787548,185.0,T_G6a,185.0,G6a,8.7,8.0,1.814807692307692,0.9652592592592596,2807.0,2869.0,600.0,12
79,11,1968,2009,5,11,P_0900262,"noorderhavendam_0 - 1,206","{'noorderhavendam_0 - 1,206': 'Wetterskip Fryslân'}",41,9.78902953586498,,186.0,T_G7b,79.0,186.0,G7b,0.3475694674578174,2783.874946832212,2445.2349985859933,2336.143594914931,4.353389780846653,1846.9045178571428,93.85703173731817,0.0508185619937813,0.0116733314846662,0.036903007437628,,,,,,,,,,,,12
80,11,1968,2009,5,11,P_0900262,"noorderhavendam_0 - 1,206","{'noorderhavendam_0 - 1,206': 'Wetterskip Fryslân'}",41,7.59493670886076,,187.0,T_G8b,80.0,187.0,G8b,0.3573114747167235,1848.4836872034416,1653.6080697157072,1318.0694245234763,3.4395701913088943,2592.210984452393,119.96626087390666,0.0462795125834441,0.013455027811435,0.1863951810987845,188.0,T_G8a,188.0,G8a,8.5,8.0,1.2183529411764722,0.6681346153846159,2097.0,2204.0,7500.0,12
81,11,1968,2009,5,11,P_0900262,"noorderhavendam_0 - 1,206","{'noorderhavendam_0 - 1,206': 'Wetterskip Fryslân'}",41,10.21097046413502,,189.0,T_G9b,81.0,189.0,G9b,0.3571764750512712,1002.7115729162554,800.6878847591067,703.9387506289223,2.418706883715376,3430.150422386484,102.24574271607284,0.0298079472109379,0.0123239187896757,0.1116880941740302,190.0,T_G9a,190.0,G9a,13.7,12.3,0.8491960784313722,0.4836730769230769,1864.0,1960.0,7500.0,12
82,17,1977,2009,6,17,P_0901480,"prins_hendrikpolder_5,725 - 8,75",HHNK,32,11.958333333333334,,191.0,T_1B,82.0,191.0,1B,0.3669259436626498,1893.1515924533503,1728.084414150858,1645.0423781855902,2.374124466558792,1431.5830821545164,39.61038081839145,0.0276689360974972,0.0116543746914846,0.0179215920817166,,,,,,,,,,,,8
83,19,1979,2009,6,19,P_0901480,"gemeenschappelijke_polders_10,2 - 16,775",HHNK,30,5.212677231025855,,192.0,T_10B,83.0,192.0,10B,0.3613879667556747,1422.514025464097,1049.0886927936554,666.8542965996658,7.236442236620107,10843.213763371028,1227.9012244254427,0.1132414477129797,0.0156487738048843,0.3818867757400954,,,,,,,,,,,,8
84,19,1979,2009,6,19,P_0901480,"gemeenschappelijke_polders_10,2 - 16,775",HHNK,30,6.713928273561301,,193.0,T_11B,84.0,193.0,11B,0.3653179615311265,1846.589966630937,1714.5705113822287,1646.7874557245857,7.374394863765613,4446.712593394691,375.4941357463703,0.0844430864059312,0.0114508495904993,0.0248033800182184,,,,,,,,,,,,8
85,19,1979,2009,6,19,P_0901480,"gemeenschappelijke_polders_10,2 - 16,775",HHNK,30,7.673060884070058,,194.0,T_12B,85.0,194.0,12B,0.3630293014985377,2460.661911068224,2374.106069168629,2285.159782204591,6.0163067473874206,2630.7703825727763,180.34000010707584,0.068550262425682,0.0113940770150142,0.0328680825985926,,,,,,,,,,,,8
86,19,1979,2009,6,19,P_0901480,"gemeenschappelijke_polders_10,2 - 16,775",HHNK,30,6.797331109257715,,195.0,T_13B,86.0,195.0,13B,0.3678704314230918,2240.262149825827,2078.003468849942,1975.2904531391932,5.339165009940358,2699.457305898875,166.90953296986137,0.0618307733947595,0.0115806073196172,0.044875037750131,,,,,,,,,,,,8
87,19,1979,2009,6,19,P_0901480,"gemeenschappelijke_polders_10,2 - 16,775",HHNK,30,3.586321934945788,,196.0,T_14B,87.0,196.0,14B,0.3653943476183086,2445.816680054953,2369.666602343522,2110.0691135908605,8.018311145973742,3797.981686951319,369.0811202889498,0.0971782253603269,0.0121195378417216,0.086550240361235,,,,,,,,,,,,8
88,19,1979,2009,6,19,P_0901480,"gemeenschappelijke_polders_10,2 - 16,775",HHNK,30,5.462885738115096,,197.0,T_15B,88.0,197.0,15B,0.3634569536537694,2740.2249325404305,2646.139956315867,2531.1562342754823,7.319687800377174,2867.815282985497,245.80353713304416,0.0857110772061839,0.0117096629724791,0.0368541604327967,,,,,,,,,,,,8
89,19,1979,2009,6,19,P_0901480,"gemeenschappelijke_polders_10,2 - 16,775",HHNK,30,2.293577981651376,,198.0,T_16B,89.0,198.0,16B,0.3562366519923962,1324.964350157663,903.1352705529704,540.1263354783013,8.435822964848745,15607.089171168136,2126.0242491624595,0.1362217019359372,0.0161480038762738,0.4474891928175947,,,,,,,,,,,,8
90,16,1980,2009,6,16,P_0901480,"het_noorden_17,05 - 23,7",HHNK,29,3.458004253698361,,199.0,T_17B,90.0,199.0,17B,0.3641615418713528,2032.1475303666184,1997.701124896936,1834.2167244863683,6.968218003261847,3797.80389786169,312.1238407255837,0.0821853495124699,0.0117943137648676,0.0611496673613499,,,,,,,,,,,,4
91,16,1980,2009,6,16,P_0901480,"het_noorden_17,05 - 23,7",HHNK,29,3.4864867437388445,,200.0,T_18B,91.0,200.0,18B,0.3658212712729979,3151.409978697569,2483.229900197271,2287.927995693188,7.682285510592505,3365.4822536547003,309.3957156743488,0.0919320597630145,0.0119667590635959,0.0662994544625071,,,,,,,,,,,,4
92,16,1980,2009,6,16,P_0901480,"het_noorden_17,05 - 23,7",HHNK,29,1.9715969270088376,,201.0,T_19B,92.0,201.0,19B,0.3643580238000992,2830.575602914556,2466.136884739509,2341.2781871465745,9.115638717460191,3902.4479474940335,419.0103677266637,0.1073711612209285,0.0117787863855627,0.0474203670349002,,,,,,,,,,,,4
93,17,1977,2009,6,17,P_0901480,"prins_hendrikpolder_5,725 - 8,75",HHNK,32,5.333333333333334,,202.0,T_2B,93.0,202.0,2B,0.3648265747133087,2157.9426176071333,2009.0538248555931,1735.8465787476912,5.909455243718897,3404.364945652175,244.38437678627267,0.0717855989847339,0.0121475831568458,0.1033757105306823,,,,,,,,,,,,8
94,16,1980,2009,6,16,P_0901480,"het_noorden_17,05 - 23,7",HHNK,29,7.0378326138166845,,203.0,T_20B,94.0,203.0,20B,0.3623804127438633,2141.829629906385,2010.9902698029427,1661.6819237846053,8.630454760757706,5172.063308429974,562.0882423582863,0.1086777575676878,0.0125923558584468,0.1385843650421383,,,,,,,,,,,,4
95,14,1980,2009,6,14,P_0901480,"eendrachtpolder_17,05 - 23,7",HHNK,29,3.5029190992493744,,204.0,T_21B,95.0,204.0,21B,0.3669812281765364,1171.144382827392,1101.9773991431423,994.1558731370344,7.537277301463383,7574.705268518523,674.7817895194048,0.0890835703303054,0.011819064997517,0.0693241976271559,,,,,,,,,,,,4
96,14,1980,2009,6,14,P_0901480,"eendrachtpolder_17,05 - 23,7",HHNK,29,5.129274395329441,,205.0,T_22B,96.0,205.0,22B,0.3635067586834957,2200.5410238696336,2059.154577542069,1767.878965880656,6.845977126630431,3878.397307235053,322.0679357105933,0.0830415014753088,0.0121299706293616,0.0981159298691397,,,,,,,,,,,,4
97,14,1980,2009,6,14,P_0901480,"eendrachtpolder_17,05 - 23,7",HHNK,29,5.754795663052543,,206.0,T_23B,97.0,206.0,23B,0.3639492056603226,2342.6217215694987,2233.3961509282976,2007.3177590788748,7.27004403154788,3615.33911256324,316.86460992755,0.0876445058297439,0.0120555674008872,0.0874240949314703,,,,,,,,,,,,4
98,14,1980,2009,6,14,P_0901480,"eendrachtpolder_17,05 - 23,7",HHNK,29,3.461217681401168,,207.0,T_24B,98.0,207.0,24B,0.3600460059480206,1781.1024364447323,1464.9752383689663,938.1089800960912,6.96947191911282,7426.526319301847,776.2709605960105,0.1045267904832506,0.0149978063899791,0.3520121684930242,,,,,,,,,,,,4
99,18,1968,2009,6,18,P_0901480,"eijerland_23,85 - 25,4",HHNK,41,14.572247237003683,,208.0,T_25B,99.0,208.0,25B,0.3664777918388919,2109.196602608291,1912.213808074092,1848.0889197540616,4.031218091429736,2185.0931392789144,100.65331302260208,0.0460636259449415,0.0114267263393344,0.0366491009652687,209.0,T_25A,209.0,25A,8.5,8.2,2.399083333333334,1.2622,2473.0,2433.0,481.0,8
100,18,1968,2009,6,18,P_0901480,"eijerland_23,85 - 25,4",HHNK,41,10.028653295128938,,210.0,T_26B,100.0,210.0,26B,0.3644381357096665,2694.231256467352,2607.275364583936,2479.383538691585,4.925069800479603,1981.673721886616,110.68704882471152,0.0558553346104493,0.0113410239597031,0.0223401844045246,211.0,T_26A,211.0,26A,7.5,7.7,1.1970277777777776,0.6586216216216217,2538.0,2325.0,1600.0,8
101,18,1968,2009,6,18,P_0901480,"eijerland_23,85 - 25,4",HHNK,41,12.279983626688498,,212.0,T_27,101.0,212.0,27,0.3695299999384055,121.69455319084202,26.852190787792637,103.90630348319758,0.4254963127636941,4050.000000000001,18.040995486389185,0.0044545667867627,0.0104691078468561,-0.0699943677531193,,,,,,,,,,,,8
102,18,1968,2009,6,18,P_0901480,"eijerland_23,85 - 25,4",HHNK,41,12.771182971756035,,214.0,T_28B,102.0,214.0,28B,0.3665126889467071,1752.6482632225836,1665.1320367387368,1511.1618480712486,4.183003435991483,2741.8668195266278,134.45411517332897,0.0490374347199481,0.0117230204254721,0.0497932388200804,215.0,T_28A,215.0,28A,9.2,9.1,2.0238181818181817,1.074913043478261,2137.0,2095.0,425.0,8
103,18,1968,2009,6,18,P_0901480,"eijerland_23,85 - 25,4",HHNK,41,10.560785918952108,,216.0,T_29B,103.0,216.0,29B,0.3693109016987428,2220.676106141971,1819.682076627377,1667.6534162736302,1.9838946784831728,1183.89837652036,27.637892336574595,0.0233448181741799,0.0117671660836494,0.0645433002640798,217.0,T_29A,217.0,29A,6.0,3.7,0.676139705882353,0.3987299270072998,2872.0,3029.0,50000.0,8
104,17,1977,2009,6,17,P_0901480,"prins_hendrikpolder_5,725 - 8,75",HHNK,32,6.708333333333333,,218.0,T_3B,104.0,218.0,3B,0.3668458477216968,2056.9846757176338,1967.1565105705645,1946.3430722443436,6.239525691699605,3204.549259478676,221.84718372114185,0.0692288261960537,0.0110952065295841,0.01016700906042,,,,,,,,,,,,8
105,18,1968,2009,6,18,P_0901480,"eijerland_23,85 - 25,4",HHNK,41,9.823986901350798,,219.0,T_30B,105.0,219.0,30B,0.3660725844095747,1849.8183613136573,1616.708181293368,1513.9762909874346,2.8718971340080293,1890.8300639681213,63.906549316428766,0.0337981453406307,0.0117685779690381,0.0507446143517188,220.0,T_30A,220.0,30A,8.2,8.2,1.7860399999999992,0.9575384615384612,2655.0,2679.0,500.0,8
106,18,1968,2009,6,18,P_0901480,"eijerland_23,85 - 25,4",HHNK,41,10.51985264019648,,221.0,T_31B,106.0,221.0,31B,0.3655701733329178,1812.3075505791828,1710.6305859782017,1520.4795856855842,4.826354171325863,3177.09316316794,187.5025270874835,0.0590170062562852,0.0122280719900157,0.1005264791014141,222.0,T_31A,222.0,31A,9.4,9.1,1.651597402597403,0.8874615384615391,2792.0,2830.0,20531.0,8
107,18,1968,2009,6,18,P_0901480,"eijerland_23,85 - 25,4",HHNK,41,12.443716741711013,,223.0,T_32B,107.0,223.0,32B,0.3673471828697405,2069.815095088614,1890.291954483844,1478.7624866911217,2.460434305121821,1658.587018896071,54.86751139558741,0.0330808759326395,0.0134451368458714,0.2038197015750286,224.0,T_32A,224.0,32A,8.6,7.8,1.1628809523809522,0.6442093023255813,2521.0,2443.0,3000.0,8
108,13,1981,2009,6,13,P_0901480,"noorder_oeverdijk-bierdijk_22,5 - 23,4",HHNK,28,6.021594684385382,,225.0,T_33B,108.0,225.0,33B,0.3665918084654181,2231.8055285243586,2122.192245423497,1976.6485901232995,7.487166825344201,3782.102500000002,334.79750881195974,0.088521532351902,0.0118231013702345,0.0630124858136259,,,,,,,,,,,,8
109,13,1981,2009,6,13,P_0901480,"noorder_oeverdijk-bierdijk_22,5 - 23,4",HHNK,28,8.430232558139535,,226.0,T_34B,109.0,226.0,34B,0.3675648153596675,1671.9616079230032,1620.1989653477574,1425.9300627032771,5.187815527970653,3638.197737507264,226.76688900903304,0.062329456882243,0.0120145862061183,0.0886474465078965,,,,,,,,,,,,8
110,13,1981,2009,6,13,P_0901480,"noorder_oeverdijk-bierdijk_22,5 - 23,4",HHNK,28,4.1112956810631225,,227.0,T_35B,110.0,227.0,35B,0.3650053368882293,2610.20865506683,2475.01390096076,2326.0902211383373,7.832501079121791,3367.238728723403,309.49838494060225,0.0919145952737185,0.0117350249103348,0.056152241930134,,,,,,,,,,,,8
111,13,1981,2009,6,13,P_0901480,"noorder_oeverdijk-bierdijk_22,5 - 23,4",HHNK,28,5.938538205980066,,228.0,T_36B,111.0,228.0,36B,0.3660991709290431,2080.8656631299223,2000.339043314061,1862.2311750430645,5.70536376386091,3063.724762168141,202.7806709617797,0.0661876267299793,0.0116009477168181,0.043249555106191,,,,,,,,,,,,8
112,13,1981,2009,6,13,P_0901480,"noorder_oeverdijk-bierdijk_22,5 - 23,4",HHNK,28,9.426910299003325,,229.0,T_37B,112.0,229.0,37B,0.367049136069112,2556.887762997358,2414.714461518932,2292.8273465127854,5.274851969438196,2302.5699671052653,141.27706218525248,0.0613562515812983,0.0116318433079806,0.0406468923852807,,,,,,,,,,,,8
113,13,1981,2009,6,13,P_0901480,"noorder_oeverdijk-bierdijk_22,5 - 23,4",HHNK,28,8.181063122923588,,230.0,T_38B,113.0,230.0,38B,0.3673039367502032,1999.8029711299896,1917.831539117064,1828.291293929548,5.564352751487912,3044.737948717947,196.11245631611573,0.0644102906782809,0.0115755225369307,0.0301558923742281,,,,,,,,,,,,8
114,13,1981,2009,6,13,P_0901480,"noorder_oeverdijk-bierdijk_22,5 - 23,4",HHNK,28,4.817275747508306,,231.0,T_39B,114.0,231.0,39B,0.3636513394092707,2439.7417675066304,2289.450935018269,1886.450828251998,8.774391424810975,4653.2513642132,522.146132541706,0.112211030884207,0.0127884687896316,0.1555385814885892,,,,,,,,,,,,8
115,17,1977,2009,6,17,P_0901480,"prins_hendrikpolder_5,725 - 8,75",HHNK,32,8.208333333333332,,232.0,T_4B,115.0,232.0,4B,0.366327813609889,2577.5038345974644,2437.059152394395,2027.949684115108,5.876681328488559,2888.0041266460103,216.6580568556828,0.0750199955937386,0.0127657076163143,0.1336689146867498,,,,,,,,,,,,8
116,13,1981,2009,6,13,P_0901480,"noorder_oeverdijk-bierdijk_22,5 - 23,4",HHNK,28,1.7026578073089702,,233.0,T_40B,116.0,233.0,40B,0.3628983278057737,1600.4490822589423,1511.9006646229948,1150.2793177445792,8.401674961261456,7305.521967845436,829.3202922673853,0.1135196493717437,0.0135115497677738,0.2057069100113075,,,,,,,,,,,,8
117,20,1987,2009,6,20,P_0901480,"normerdijk_15,4 - 17,4",HHNK,22,6.36969192339717,,234.0,T_41B,117.0,234.0,41B,0.3654340097820724,3133.6041481769794,3001.585245652788,2644.35067198087,7.017259645280632,2654.5049289099534,228.18355776482096,0.0859608717541625,0.0122499203534494,0.1047155996165188,,,,,,,,,,,,8
118,20,1987,2009,6,20,P_0901480,"normerdijk_15,4 - 17,4",HHNK,22,5.744782379207602,,235.0,T_42B,118.0,235.0,42B,0.366633331005002,3054.2680806412336,2951.6029533299898,2844.611737338159,6.646792567522464,2342.4177734375,179.20421801753932,0.0765039524758032,0.0115099052209958,0.0133720901094176,,,,,,,,,,,,8
119,20,1987,2009,6,20,P_0901480,"normerdijk_15,4 - 17,4",HHNK,22,3.24729392173189,,236.0,T_43B,119.0,236.0,43B,0.3556770470666209,1853.9541533280544,1284.120671788201,778.5385543611075,9.83329050639474,12631.756505528252,1968.9232248617693,0.1558708976063682,0.015851346759765,0.4237906107431776,,,,,,,,,,,,8
120,20,1987,2009,6,20,P_0901480,"normerdijk_15,4 - 17,4",HHNK,22,2.7060782681099087,,237.0,T_44B,120.0,237.0,44B,0.3612087446462976,1566.1730756752431,1433.185961513306,1104.414203482542,8.609795154903324,7791.170340257878,881.1460656133278,0.1130954692468144,0.0131356747996967,0.1932997579459235,,,,,,,,,,,,8
121,20,1987,2009,6,20,P_0901480,"normerdijk_15,4 - 17,4",HHNK,22,4.329725228975854,,238.0,T_45B,121.0,238.0,45B,0.3648743317694771,3034.8957649003446,2985.4024705562,2863.643017655731,5.902343774051929,2062.7957142000014,134.67215484888348,0.0652862297133055,0.0110610686555261,0.0175737152251145,,,,,,,,,,,,8
122,20,1987,2009,6,20,P_0901480,"normerdijk_15,4 - 17,4",HHNK,22,6.036636136552873,,239.0,T_46B,122.0,239.0,46B,0.364884337233917,2823.5674293672296,2689.530852839991,2516.391805422162,6.671501006356885,2649.3618980263163,202.08595019589075,0.0762772161653105,0.011433291562518,0.0448279216712631,,,,,,,,,,,,8
123,20,1987,2009,6,20,P_0901480,"normerdijk_15,4 - 17,4",HHNK,22,3.788509575353872,,240.0,T_47B,123.0,240.0,47B,0.365924403450949,2730.426357388872,2611.6972563255376,2209.088420170936,4.723828109501803,2137.4265190489427,127.42139368941724,0.0596143972921763,0.0126199336449741,0.1217554569615201,,,,,,,,,,,,8
124,20,1987,2009,6,20,P_0901480,"normerdijk_15,4 - 17,4",HHNK,22,5.245628642797668,,241.0,T_48B,124.0,241.0,48B,0.3653406376807063,2744.4036728752426,2601.30396796588,2569.2101233841827,7.3872772077183795,2868.102084935338,241.8125087171336,0.0843109839036937,0.0114129985288224,0.0266316657870042,,,,,,,,,,,,8
125,15,1990,2009,6,15,P_0901480,"balgzanddijk_4,6 - 14,8",HHNK,19,3.865336658354115,,242.0,T_49B,125.0,242.0,49B,0.3651144643419957,3327.838645667914,3066.4661698404875,2762.5867299870365,6.3688534617700645,2313.862935050909,182.13109878973276,0.0787130024128786,0.0123590537740214,0.1078921166414027,,,,,,,,,,,,2
126,17,1977,2009,6,17,P_0901480,"prins_hendrikpolder_5,725 - 8,75",HHNK,32,6.416666666666666,,243.0,T_5B,126.0,243.0,5B,0.3685353451736861,962.5312218500408,606.3984243787366,441.4592577414028,0.9244442116214578,2082.703982286096,27.049704884234966,0.012987781803991,0.0140492867397705,0.2606975531115909,,,,,,,,,,,,8
127,15,1990,2009,6,15,P_0901480,"balgzanddijk_4,6 - 14,8",HHNK,19,2.493765586034913,,244.0,T_50B,127.0,244.0,50B,0.363863007878866,3131.7644600351587,2789.788180111641,2713.5505927177114,6.405906663563799,2383.617090020935,170.0284729286712,0.0713321252983539,0.0111353675669494,0.0142575759775683,,,,,,,,,,,,2
128,12,1990,2009,6,12,P_0901480,"amsteldiepdijk_4,6 - 14,8",HHNK,19,4.57190357439734,,245.0,T_51B,128.0,245.0,51B,0.3647734890856967,2582.5909871683225,2482.5408641715453,2438.861365099487,6.437023573525635,2628.6684028835207,191.4943387887586,0.0728484195947646,0.0113170969101896,0.0150163373338041,,,,,,,,,,,,6
129,12,1990,2009,6,12,P_0901480,"amsteldiepdijk_4,6 - 14,8",HHNK,19,5.6940980881130505,,246.0,T_52B,129.0,246.0,52B,0.3649769895179854,2747.800961914744,2650.7781892820185,2275.227878361949,6.386476535534802,2806.961270241093,223.5138838324994,0.0796284174641645,0.0124682862328087,0.1281581217969742,,,,,,,,,,,,6
130,12,1990,2009,6,12,P_0901480,"amsteldiepdijk_4,6 - 14,8",HHNK,19,4.904405652535329,,247.0,T_53B,130.0,247.0,53B,0.3645694450922024,3227.561986260252,3016.163512792974,2826.3627443452897,6.283890898667449,2219.30860275288,162.06889726715087,0.0730267512441113,0.0116212633894705,0.0453519757743825,,,,,,,,,,,,6
131,12,1990,2009,6,12,P_0901480,"amsteldiepdijk_4,6 - 14,8",HHNK,19,4.696591853699085,,248.0,T_54B,131.0,248.0,54B,0.3644848919699589,3217.9539951811284,2914.231509025737,2562.441126372388,4.911376362964514,1925.996188398357,116.5581848246776,0.0605183881083411,0.0123220831872498,0.1045426472258205,,,,,,,,,,,,6
132,12,1990,2009,6,12,P_0901480,"amsteldiepdijk_4,6 - 14,8",HHNK,19,2.826267664172901,,249.0,T_55B,132.0,249.0,55B,0.3673271536511749,3038.197003688216,2947.923888174876,2638.2603014353667,7.021885590710263,2656.522136081261,226.8008049643821,0.0853750856745898,0.0121584273300519,0.0965827309068672,,,,,,,,,,,,6
133,12,1990,2009,6,12,P_0901480,"amsteldiepdijk_4,6 - 14,8",HHNK,19,5.486284289276807,,250.0,T_56B,133.0,250.0,56B,0.3636139295041997,1873.4448008113077,1824.8706918694777,1464.5711741637149,5.799180082947876,3953.052722114921,297.9302228122652,0.0753671260556499,0.0129961692821476,0.1653775325250603,,,,,,,,,,,,6
134,17,1977,2009,6,17,P_0901480,"prins_hendrikpolder_5,725 - 8,75",HHNK,32,4.041666666666666,,251.0,T_6B,134.0,251.0,6B,0.3649395945776496,2926.143747505036,2790.460976808955,2574.2700163379354,7.203591284916387,2802.502609777519,237.26977799654105,0.0846635350735238,0.0117529620608544,0.0598570332742829,,,,,,,,,,,,8
135,17,1977,2009,6,17,P_0901480,"prins_hendrikpolder_5,725 - 8,75",HHNK,32,4.458333333333334,,252.0,T_7B,135.0,252.0,7B,0.3669438687913375,2617.0744483268427,2418.1020179723087,2233.9416260776634,6.943028301396336,3122.4651255038475,253.68821653319063,0.0812461328906772,0.0117018294271301,0.0656774957499326,,,,,,,,,,,,8
136,17,1977,2009,6,17,P_0901480,"prins_hendrikpolder_5,725 - 8,75",HHNK,32,5.125,,253.0,T_8B,136.0,253.0,8B,0.365509297610013,2195.6900829747337,2112.21447980914,2020.501480104595,5.0928673285918,2519.472920792078,147.3540161556696,0.058486048784102,0.0114839136797764,0.0245009120451838,,,,,,,,,,,,8
137,19,1979,2009,6,19,P_0901480,"gemeenschappelijke_polders_10,2 - 16,775",HHNK,30,3.836530442035029,,254.0,T_9B,137.0,254.0,9B,0.3652659749531309,2584.962209827796,2488.6627814618014,2406.9522641092644,7.948923662268033,3290.9128915148103,295.4694320545679,0.0897834253882554,0.0112950418450286,0.0292320587562325,,,,,,,,,,,,8
138,21,1970,2009,7,21,P_0901602,meester_snijderdijk_-,Hollandse Delta,39,6.105263157894736,,255.0,T_1,138.0,255.0,1,0.361881191960817,2606.907337693944,2506.201778359319,2509.8326521837407,6.364094760337515,2538.528239146709,178.86730847470824,0.0704610276601973,0.0110716496711089,-0.0015665724878409,,,,,,,,,,,,6
139,22,1966,2009,7,22,P_0901602,"zuiderdiepdijk_4,3 - 6,86",Hollandse Delta,43,3.5308953341740232,,256.0,T_10,139.0,256.0,10,0.3657221059978109,2785.4935074187147,2618.567972108747,2596.163398011031,6.148204589174706,2364.411532421726,164.45909319658475,0.0695560358006455,0.011313227266886,0.0084176891728815,,,,,,,,,,,,6
140,22,1966,2009,7,22,P_0901602,"zuiderdiepdijk_4,3 - 6,86",Hollandse Delta,43,12.063892391761245,,257.0,T_11,140.0,257.0,11,0.3695974819041175,1780.3462666710527,1057.724452710324,836.4609636874898,1.644647828309476,1960.629676680244,44.085653124269626,0.0224854564064927,0.0136718974235386,0.2172092957533415,,,,,,,,,,,,6
141,22,1966,2009,7,22,P_0901602,"zuiderdiepdijk_4,3 - 6,86",Hollandse Delta,43,11.05506515342581,,258.0,T_12,141.0,258.0,12,0.367332695511442,2538.146983810114,2312.927287747271,2266.997507359192,4.524719334103498,1995.908385172558,101.90069162134644,0.0510547940869222,0.0112835272902154,0.017569006535792,,,,,,,,,,,,6
142,23,1955,2009,7,23,P_0901602,"martina_corneliadijk_15,85 - 17,45",Hollandse Delta,54,12.421052631578949,,259.0,T_13,142.0,259.0,13,0.3677355512804606,1412.4920181779933,1287.4135115079905,1048.2172232477474,2.175923884138041,2079.817739537445,57.663639477256346,0.0277253330333074,0.0127418671376413,0.1444652953146547,,,,,,,,,,,,6
143,23,1955,2009,7,23,P_0901602,"martina_corneliadijk_15,85 - 17,45",Hollandse Delta,54,9.178947368421053,,260.0,T_14,143.0,260.0,14,0.3664918422205405,1143.399757941549,940.2561821431552,767.9746165178334,1.4389017677371592,1862.60621625,34.58815645376798,0.0185697632446457,0.0129055114539534,0.148535808909664,,,,,,,,,,,,6
144,23,1955,2009,7,23,P_0901602,"martina_corneliadijk_15,85 - 17,45",Hollandse Delta,54,3.284210526315789,,261.0,T_15,144.0,261.0,15,0.3602234577620198,1964.1566948422023,1615.8402099606585,1042.234084498975,9.54756311957565,9156.94102074236,1331.378219241864,0.1453955219571708,0.0152285478646443,0.3590948862133516,,,,,,,,,,,,6
145,23,1955,2009,7,23,P_0901602,"martina_corneliadijk_15,85 - 17,45",Hollandse Delta,54,10.863157894736842,,262.0,T_16,145.0,262.0,16,0.3676707705401806,1265.8674299659183,868.9461258130128,666.8562900680423,1.1130650423782815,1663.3601612903226,26.089976452098966,0.0156851035988863,0.0140918122496884,0.248794310349518,,,,,,,,,,,,6
146,23,1955,2009,7,23,P_0901602,"martina_corneliadijk_15,85 - 17,45",Hollandse Delta,54,9.557894736842105,,263.0,T_17,146.0,263.0,17,0.3677550471169006,1183.402676305158,937.5140896819146,640.8061951527343,2.9480885311871226,4595.881292057071,197.902929361929,0.043060931470088,0.0146063902133727,0.2986989998045568,,,,,,,,,,,,6
147,23,1955,2009,7,23,P_0901602,"martina_corneliadijk_15,85 - 17,45",Hollandse Delta,54,8.884210526315789,,264.0,T_18,147.0,264.0,18,0.3671644358887841,1523.0009741171457,1330.662331475383,1073.9628039185843,2.421634455867759,2251.1235179562805,72.07448367231467,0.0320171163853988,0.0132212837936045,0.1702963623291427,,,,,,,,,,,,6
148,24,1953,2009,7,24,P_0901602,"van_pallandtdijk_13,45 - 15,85",Hollandse Delta,56,8.291457286432161,,265.0,T_19,148.0,265.0,19,0.365691213838735,1126.6790542604165,1044.8416926571515,810.0375856135496,3.192,3929.465913695301,167.44950402209315,0.0426138074995088,0.013350190319395,0.1954430997423208,,,,,,,,,,,,6
149,21,1970,2009,7,21,P_0901602,meester_snijderdijk_-,Hollandse Delta,39,3.157894736842104,,266.0,T_2,149.0,266.0,2,0.3677679052801068,1622.293730798226,1332.1560382545174,875.414518322703,9.176590604672874,10476.54553476996,1398.9381366996804,0.1335304783486914,0.0145512079704956,0.3272172614108556,,,,,,,,,,,,6
150,24,1953,2009,7,24,P_0901602,"van_pallandtdijk_13,45 - 15,85",Hollandse Delta,56,1.3819095477386936,,267.0,T_20,150.0,267.0,20,0.3644659853556801,2200.446899048776,2027.5149691546776,1750.5871706539574,7.39605613673544,4228.475982142858,378.2381357020757,0.0894502268191663,0.0120943142082002,0.0982006268801763,,,,,,,,,,,,6
151,24,1953,2009,7,24,P_0901602,"van_pallandtdijk_13,45 - 15,85",Hollandse Delta,56,3.47571189279732,,268.0,T_21,151.0,268.0,21,0.3602762562211705,1472.0395876209334,1116.1577853143986,693.2439607411914,9.950334560237852,14344.991328828835,2189.8019197829312,0.1526527182614695,0.0153414658911549,0.3993298720314377,,,,,,,,,,,,6
152,24,1953,2009,7,24,P_0901602,"van_pallandtdijk_13,45 - 15,85",Hollandse Delta,56,3.433835845896147,,269.0,T_22,152.0,269.0,22,0.3566861649022784,1534.4687074906528,1069.0772383449628,651.0214623205463,8.980188720261857,13805.026690233231,1943.540322763304,0.1407849739354953,0.0156772845561524,0.4213871872292106,,,,,,,,,,,,6
153,24,1953,2009,7,24,P_0901602,"van_pallandtdijk_13,45 - 15,85",Hollandse Delta,56,3.015075376884422,,270.0,T_23,153.0,270.0,23,0.3560813930440077,1842.6320897613211,1202.813427378948,729.7073610969485,9.604401120769582,13159.349461077843,2006.1257189697671,0.1524487000594823,0.0158727960382465,0.4365293012640633,,,,,,,,,,,,6
154,24,1953,2009,7,24,P_0901602,"van_pallandtdijk_13,45 - 15,85",Hollandse Delta,56,10.76214405360134,,271.0,T_24,154.0,271.0,24,0.3665935535837549,1243.4013084294832,1049.407214154281,915.1329912293776,2.0950243172465397,2291.7578980786225,58.80836334513338,0.0256608097192279,0.0122484543534814,0.101185316282308,,,,,,,,,,,,6
155,21,1970,2009,7,21,P_0901602,meester_snijderdijk_-,Hollandse Delta,39,9.347368421052629,,272.0,T_3,155.0,272.0,3,0.363117134281345,1568.257961908772,1484.709510393276,1211.9224138081736,4.538968825963699,3745.2635368802894,213.56295500106543,0.0570221435415885,0.0125627969100408,0.1374220914959147,,,,,,,,,,,,6
156,21,1970,2009,7,21,P_0901602,meester_snijderdijk_-,Hollandse Delta,39,1.6421052631579005,,273.0,T_4,156.0,273.0,4,0.3632000738260256,1622.8180160581237,1373.42355318494,913.5922522708828,5.4696,5979.340374930051,480.9621404147183,0.0804373242291537,0.0147062535156416,0.3206562514648314,,,,,,,,,,,,6
157,21,1970,2009,7,21,P_0901602,meester_snijderdijk_-,Hollandse Delta,39,2.0631578947368445,,274.0,T_5,157.0,274.0,5,0.3601084960565552,1294.2722402864038,790.0023266718318,472.55381301225736,6.813438735177866,14416.513829185518,1573.5417599947243,0.1091485624499015,0.016019599895478,0.4588809604525843,,,,,,,,,,,,6
158,21,1970,2009,7,21,P_0901602,meester_snijderdijk_-,Hollandse Delta,39,9.347368421052629,,275.0,T_6,158.0,275.0,6,0.3641027529308824,916.9711854017308,693.2360459919724,426.7172625579451,3.40299435430955,7979.872953929541,419.5565344697953,0.0525768438785973,0.0154501707627031,0.4070036931726531,,,,,,,,,,,,6
159,22,1966,2009,7,22,P_0901602,"zuiderdiepdijk_4,3 - 6,86",Hollandse Delta,43,2.73224043715847,,276.0,T_7,159.0,276.0,7,0.367034422116948,2867.1979401494336,2642.9287459582324,2617.55897219232,6.129800806471641,2337.071996425954,163.9290743252494,0.0701429286628497,0.0114429376871096,0.0092477301722019,,,,,,,,,,,,6
160,22,1966,2009,7,22,P_0901602,"zuiderdiepdijk_4,3 - 6,86",Hollandse Delta,43,4.455653635981505,,277.0,T_8,160.0,277.0,8,0.358281308948021,1555.5688598392928,907.783790255217,539.2366664652718,8.348073947296403,15467.780695073609,2090.616886606268,0.1351594600298487,0.0161904962609514,0.4792615809247638,,,,,,,,,,,,6
161,22,1966,2009,7,22,P_0901602,"zuiderdiepdijk_4,3 - 6,86",Hollandse Delta,43,5.548549810844893,,278.0,T_9,161.0,278.0,9,0.3638174748809472,2269.902672942365,1849.537551995412,1563.7104153292269,5.305389221556887,3434.7404088961684,224.30257510353587,0.0653040836863769,0.012309009001834,0.1100264317853921,,,,,,,,,,,,6
162,25,1970,2009,8,25,P_0901858,"eemshaven_(dijkvak_49)_37,2 - 41,75",Noorderzijlvest,39,2.458333333333333,,279.0,T_BK1b,162.0,279.0,BK1b,0.3782639128205429,1950.8209423081291,1892.386360529836,1683.2350200056064,9.849767803342862,5847.719801886793,687.6302464270356,0.1175894655905313,0.0119382982358856,0.0822027804844446,,,,,,,,,,,,8
163,26,1970,2009,8,26,P_0901858,"eemshaven_(dijkvak_48)_0,65 - 2,1",Noorderzijlvest,39,5.006902151169801,,280.0,T_BK10b,163.0,280.0,BK10b,0.3662070574171364,1560.0873664469848,1491.2235053481547,1270.42883700137,4.484987879831279,3528.648737759642,198.3652559550083,0.0562156425014271,0.012534179357368,0.1320695062190462,,,,,,,,,,,,8
164,26,1970,2009,8,26,P_0901858,"eemshaven_(dijkvak_48)_0,65 - 2,1",Noorderzijlvest,39,1.3565796571302515,,281.0,T_BK11b,164.0,281.0,BK11b,0.365495307423781,1961.4625500175805,1886.0069387972528,1627.102995693823,6.215197374491602,3813.5421156558527,296.43142086875014,0.0777312566319383,0.012506643304839,0.1215037678209086,,,,,,,,,,,,8
165,26,1970,2009,8,26,P_0901858,"eemshaven_(dijkvak_48)_0,65 - 2,1",Noorderzijlvest,39,5.353171623974242,,282.0,T_BK12b,165.0,282.0,BK12b,0.3661472156881536,1073.0189216826466,935.9272051722152,781.3883301944155,3.648169389723306,4668.830143413599,219.32798768638276,0.0469770758303967,0.0128768899719208,0.1451589067699527,,,,,,,,,,,,8
166,26,1970,2009,8,26,P_0901858,"eemshaven_(dijkvak_48)_0,65 - 2,1",Noorderzijlvest,39,3.680113370232066,,283.0,T_BK13b,166.0,283.0,BK13b,0.3657494731756905,1778.7871354488411,1525.6346202815007,1290.1140025745806,5.213118767317321,4043.9968237104326,261.9775199500365,0.0647818312848396,0.0124266939189985,0.128234799044124,,,,,,,,,,,,8
167,26,1970,2009,8,26,P_0901858,"eemshaven_(dijkvak_48)_0,65 - 2,1",Noorderzijlvest,39,5.979939432990545,,284.0,T_BK14b,167.0,284.0,BK14b,0.3675767391322688,2194.324392402224,2012.3631665767032,1766.4934100832372,4.20906152925138,2387.7574436619725,123.15166803284528,0.0515762890237185,0.0122536315198252,0.1095106357950857,,,,,,,,,,,,8
168,26,1970,2009,8,26,P_0901858,"eemshaven_(dijkvak_48)_0,65 - 2,1",Noorderzijlvest,39,9.695420420491224,,285.0,T_BK15b,168.0,285.0,BK15b,0.3676706441627813,1889.215234095081,1373.571131543606,1201.8589185567412,3.573913947551355,2949.6444230769216,135.30075573408143,0.045870191903654,0.0128347219817874,0.1321574948854444,,,,,,,,,,,,8
169,26,1970,2009,8,26,P_0901858,"eemshaven_(dijkvak_48)_0,65 - 2,1",Noorderzijlvest,39,4.995579834070183,,286.0,T_BK16b,169.0,286.0,BK16b,0.3660377193213903,2141.8810194724388,1991.3283249722328,1809.0494926051813,5.089677026753618,2810.940307887454,170.717055050976,0.0607330773164932,0.0119325994551821,0.0696300882716136,,,,,,,,,,,,8
170,27,1965,2009,8,27,P_0901858,"lauwersmeerdijk_groningen_82 - 89,5",Noorderzijlvest,44,8.208333333333332,,287.0,T_BK17b,170.0,287.0,BK17b,0.3666206058058198,1788.811544283687,1585.7086600019902,1425.612977851249,3.5346062141425576,2482.466343424101,108.08897312773324,0.0435409621621071,0.0123184760972502,0.1064410795165414,,,,,,,,,,,,7
171,27,1965,2009,8,27,P_0901858,"lauwersmeerdijk_groningen_82 - 89,5",Noorderzijlvest,44,4.625,,288.0,T_BK18b,171.0,288.0,BK18b,0.3672040439531192,2326.2065272140394,2188.6808940268734,1641.9875727085291,4.137349397590361,2513.9804225043767,141.34826733845097,0.0562248878603607,0.0135895914164529,0.2148425327791489,,,,,,,,,,,,7
172,25,1970,2009,8,25,P_0901858,"eemshaven_(dijkvak_49)_37,2 - 41,75",Noorderzijlvest,39,3.083333333333333,,289.0,T_BK2b,172.0,289.0,BK2b,0.3618269664351085,2135.6212875350334,1979.9611879941583,1769.3120166550027,5.83246942303877,3290.0232074780074,234.0977311712349,0.0711538236688258,0.0121996050914149,0.0963386831594085,,,,,,,,,,,,8
173,27,1965,2009,8,27,P_0901858,"lauwersmeerdijk_groningen_82 - 89,5",Noorderzijlvest,44,7.791666666666666,,290.0,T_BK20b,173.0,290.0,BK20b,0.363753074103403,2275.19578268566,2122.194680410485,1796.6489374652526,7.226472173184809,4018.7805647948153,360.1901074822986,0.0896267167801157,0.0124025547503929,0.1152823924935377,,,,,,,,,,,,7
174,27,1965,2009,8,27,P_0901858,"lauwersmeerdijk_groningen_82 - 89,5",Noorderzijlvest,44,2.708333333333333,,291.0,T_BK21b,174.0,291.0,BK21b,0.3652951674344937,1437.4763339022338,1330.0920967101367,1144.007964308533,5.8263498716444655,5076.987982533804,373.143280319266,0.0734969792331552,0.0126145838908247,0.1295047727483185,,,,,,,,,,,,7
175,27,1965,2009,8,27,P_0901858,"lauwersmeerdijk_groningen_82 - 89,5",Noorderzijlvest,44,14.625,,292.0,T_BK22b,175.0,292.0,BK22b,0.3664339669837298,2232.7284622438133,2113.5154303621835,1908.820968698804,6.650479912166624,3482.95749148211,279.7233955148393,0.0803120325754558,0.0120761258790557,0.079995989812852,,,,,,,,,,,,7
176,27,1965,2009,8,27,P_0901858,"lauwersmeerdijk_groningen_82 - 89,5",Noorderzijlvest,44,1.5833333333333337,,293.0,T_BK23b,176.0,293.0,BK23b,0.3650157576718213,2175.7537821340197,2011.4168329901363,1897.0816694126108,5.542365195223827,2922.761821689445,187.9262936500313,0.0642975052758162,0.0116010950218915,0.0440985519702415,,,,,,,,,,,,7
177,27,1965,2009,8,27,P_0901858,"lauwersmeerdijk_groningen_82 - 89,5",Noorderzijlvest,44,5.166666666666667,,294.0,T_BK24b,177.0,294.0,BK24b,0.3668958487036632,2009.868359213863,1925.4911980998604,1770.663664683589,5.19531315526506,2930.4064950980387,179.53451410506295,0.0612660784110965,0.011792566988769,0.0684901280499849,,,,,,,,,,,,7
178,25,1970,2009,8,25,P_0901858,"eemshaven_(dijkvak_49)_37,2 - 41,75",Noorderzijlvest,39,3.25,,295.0,T_BK3b,178.0,295.0,BK3b,0.3678145551391901,3046.109306340655,2908.00224898468,2647.273771454639,5.339498101758985,2010.8161459053213,128.91195328356483,0.0641092690378837,0.012006609575676,0.0705853588465702,,,,,,,,,,,,8
179,25,1970,2009,8,25,P_0901858,"eemshaven_(dijkvak_49)_37,2 - 41,75",Noorderzijlvest,39,3.75,,296.0,T_BK4b,179.0,296.0,BK4b,0.3631776967563268,825.0374897470914,491.86813523892073,291.1930052983656,6.145037497551058,21099.96185880129,2127.336525110835,0.1008218185107037,0.0164070306407216,0.4734634495474943,,,,,,,,,,,,8
180,25,1970,2009,8,25,P_0901858,"eemshaven_(dijkvak_49)_37,2 - 41,75",Noorderzijlvest,39,2.166666666666667,,297.0,T_BK5b,180.0,297.0,BK5b,0.3656261549710093,2355.6130631622477,2178.5550865874825,1936.3964077694,6.743661971830986,3481.476400482384,287.17403502123875,0.0824862793789004,0.0122316746781577,0.0928556512848437,,,,,,,,,,,,8
181,25,1970,2009,8,25,P_0901858,"eemshaven_(dijkvak_49)_37,2 - 41,75",Noorderzijlvest,39,4.041666666666666,,298.0,T_BK6b,181.0,298.0,BK6b,0.366006305107696,1943.0521886120189,1657.717121913072,1393.5878801541176,4.812062534122311,3450.0976811932715,209.65774390080125,0.0607686399847924,0.0126283978135949,0.1437770738386837,,,,,,,,,,,,8
182,25,1970,2009,8,25,P_0901858,"eemshaven_(dijkvak_49)_37,2 - 41,75",Noorderzijlvest,39,5.958333333333334,,299.0,T_BK7b,182.0,299.0,BK7b,0.366163450918078,1131.378905443447,1007.2073139866176,713.607599189021,3.7237059720956704,5218.142262396693,273.65128837042937,0.0524422820631841,0.0140833574015163,0.2675021661364707,,,,,,,,,,,,8
183,25,1970,2009,8,25,P_0901858,"eemshaven_(dijkvak_49)_37,2 - 41,75",Noorderzijlvest,39,1.125,,300.0,T_BK8b,183.0,300.0,BK8b,0.3650083506449516,3020.92210306271,2852.381120834146,2550.2793039806,6.710816422424007,2631.4044943820227,213.35185156534072,0.0810790785000334,0.0120818501649232,0.0895456060552068,,,,,,,,,,,,8
184,26,1970,2009,8,26,P_0901858,"eemshaven_(dijkvak_48)_0,65 - 2,1",Noorderzijlvest,39,5.207775828090315,,301.0,T_BK9b,184.0,301.0,BK9b,0.3672267649850788,1546.252753958552,1420.7727046224013,1231.5806214656416,5.374618269335547,4356.910145615187,293.9147928695025,0.0674594570570383,0.0125514880641706,0.1133062732131223,,,,,,,,,,,,8
185,28,1970,2010,9,28,P_0902633,eemshaven_-_borkumkade_,Waterschap Noorderzijlvest,40,4.757894736842106,,302.0,T_1A,185.0,302.0,1A,0.3612768397010096,2022.94366707022,1704.5434077462714,1382.7800247381645,6.359015772640377,4586.1859641649335,383.3472669608998,0.0835873795690491,0.0131447039223716,0.1634133043115713,,,,,,,,,,,,16
186,28,1970,2010,9,28,P_0902633,eemshaven_-_borkumkade_,Waterschap Noorderzijlvest,40,4.026845637583892,,304.0,T_10A,186.0,304.0,10A,0.3718506597556579,2317.206241492482,2245.6954341776154,1988.8616617264624,8.603939536624187,4332.656194783338,447.0814439905896,0.1031887654803744,0.0119931997477589,0.0837315908890435,,,,,,,,,,,,16
187,28,1970,2010,9,28,P_0902633,eemshaven_-_borkumkade_,Waterschap Noorderzijlvest,40,3.280067283431455,,306.0,T_11A,187.0,306.0,11A,0.3741803384624252,2152.251064508533,1954.08434591732,1576.597365909725,6.494891462033791,4146.8283363456185,345.70317597873736,0.0833656828638793,0.0128355775229189,0.1552019770627092,,,,,,,,,,,,16
188,28,1970,2010,9,28,P_0902633,eemshaven_-_borkumkade_,Waterschap Noorderzijlvest,40,3.072390572390572,,308.0,T_12A,188.0,308.0,12A,0.3759644661001814,1745.8964635519503,1645.999620598913,1547.7988560673173,5.862374245472837,3777.124221520688,260.61666404429553,0.0689987007997767,0.0117697536715709,0.0487843667334633,,,,,,,,,,,,16
189,28,1970,2010,9,28,P_0902633,eemshaven_-_borkumkade_,Waterschap Noorderzijlvest,40,3.778337531486146,,310.0,T_14A,189.0,310.0,14A,0.3759700601373686,1678.5432757705205,1526.8603404855671,1249.9019560831175,4.465463037918571,3574.2633927527736,202.52619972959252,0.0566623601775508,0.0126890223245386,0.1534550153127704,,,,,,,,,,,,16
190,28,1970,2010,9,28,P_0902633,eemshaven_-_borkumkade_,Waterschap Noorderzijlvest,40,1.2236286919831223,8.3,312.0,T_15A,190.0,312.0,15A,0.3730509937044541,1578.790346792118,1491.1790077386163,1312.0015797196486,6.030435531558181,4591.716498940679,339.3418142287301,0.0739030413369416,0.0122550089376125,0.1127667306131808,,,,,,,,,,,,16
191,28,1970,2010,9,28,P_0902633,eemshaven_-_borkumkade_,Waterschap Noorderzijlvest,40,8.2392304475115,,314.0,T_16A,191.0,314.0,16A,0.3753620707550835,2169.941632070484,1987.6870698040411,1639.9733187073216,4.495808383233533,2737.645712814645,156.81664519019387,0.0572815702397687,0.012741105793875,0.1474230935950632,,,,,,,,,,,,16
192,28,1970,2010,9,28,P_0902633,eemshaven_-_borkumkade_,Waterschap Noorderzijlvest,40,4.585612116112747,,316.0,T_17A,192.0,316.0,17A,0.3764015407144656,2261.6741380668404,2112.41931648471,2023.1774227605235,5.241463771942517,2553.4567329545443,152.3492064304225,0.0596639075431455,0.0113830620870691,0.0337983403914952,,,,,,,,,,,,16
193,28,1970,2010,9,28,P_0902633,eemshaven_-_borkumkade_,Waterschap Noorderzijlvest,40,5.406538139145012,7.9,318.0,T_21A,193.0,318.0,21A,0.3753131212332691,1760.337925199185,1676.3873090316472,1528.9350547365814,5.6325081660480825,3685.27275351014,249.6136075193801,0.0677327362762033,0.0120253241148386,0.0671575052808869,,,,,,,,,,,,16
194,28,1970,2010,9,28,P_0902633,eemshaven_-_borkumkade_,Waterschap Noorderzijlvest,40,2.6039479210415792,,320.0,T_3A,194.0,320.0,3A,0.3748168275137672,1949.388778358301,1650.7167247083505,1319.2299619855644,6.819735841233101,5180.619726562502,445.67366505288607,0.086027094937656,0.0126144321335034,0.1172424484047299,,,,,,,,,,,,16
195,28,1970,2010,9,28,P_0902633,eemshaven_-_borkumkade_,Waterschap Noorderzijlvest,40,1.3836477987421385,,322.0,T_4A,195.0,322.0,4A,0.3681137439744816,1828.711733215013,1436.7506341806034,903.4000054791288,9.500878505889244,10512.70477722772,1493.8406566765166,0.1420986024369699,0.0149563645455405,0.3808860990773983,,,,,,,,,,,,16
196,28,1970,2010,9,28,P_0902633,eemshaven_-_borkumkade_,Waterschap Noorderzijlvest,40,6.278777731268313,7.9,324.0,T_5A,196.0,324.0,5A,0.3745830816117496,2396.610949113872,2173.903329339346,2032.7766577181417,5.63697990574869,2750.502690637066,183.4654257508356,0.0667025072818022,0.0118330220077204,0.0605657334795628,,,,,,,,,,,,16
197,28,1970,2010,9,28,P_0902633,eemshaven_-_borkumkade_,Waterschap Noorderzijlvest,40,2.1812080536912752,,326.0,T_6A,197.0,326.0,6A,0.3717979811248617,1484.03871456236,1428.4777110922323,1198.8154273157256,6.6276647745580695,5525.114552752296,457.8735446038663,0.0828713215322893,0.0125038492970271,0.1269133377344129,,,,,,,,,,,,16
198,28,1970,2010,9,28,P_0902633,eemshaven_-_borkumkade_,Waterschap Noorderzijlvest,40,6.990372540812055,8.3,328.0,T_7A,198.0,328.0,7A,0.3774732053266164,2281.718341344608,2041.252768679697,1824.8650650410295,4.2072504196890295,2309.090578291816,117.38896655489646,0.0508377487043997,0.0120833664824156,0.092348727217754,,,,,,,,,,,,16
199,28,1970,2010,9,28,P_0902633,eemshaven_-_borkumkade_,Waterschap Noorderzijlvest,40,2.6050420168067228,8.1,330.0,T_8A,199.0,330.0,8A,0.3756779475884791,1949.5448908809512,1760.0504396725178,1537.7375619503323,5.770610258050981,3758.192598335854,266.17631081352886,0.0708256173276997,0.0122735056017491,0.0921977845127641,,,,,,,,,,,,16
200,28,1970,2010,9,28,P_0902633,eemshaven_-_borkumkade_,Waterschap Noorderzijlvest,40,1.4291719209751996,,332.0,T_9A,200.0,332.0,9A,0.3727236566729959,1991.273384258138,1758.8596901257818,1386.2530287297177,6.660542403746097,4798.026009316771,410.4939706998785,0.0855547614587299,0.0128450141553954,0.1637533196706101,,,,,,,,,,,,16
201,29,1969,2010,10,29,P_1000038,"callandkanaal_rozenburg_0 - 1,750",Hollandse Delta,41,12.041666666666668,,334.0,T_R1B,201.0,334.0,R1B,0.3540693284364016,2385.9932288500827,2265.749652086825,1926.5775208402367,5.061326364850615,2628.1647430322705,169.37738143084977,0.0644470183537387,0.0127332271637932,0.1368772006480205,335.0,T_R1A,335.0,R1A,10.7,10.6,3.061454545454545,1.5955,1876.0,1882.0,150.0,8
202,29,1969,2010,10,29,P_1000038,"callandkanaal_rozenburg_0 - 1,750",Hollandse Delta,41,3.7083333333333335,,337.0,T_R2B,202.0,337.0,R2B,0.3745525137926666,2171.551631055092,2095.470746129576,1953.2586020596448,9.841776745536365,5033.986084298585,573.5878980378928,0.1139430837576131,0.0115774912095309,0.0451915214462066,338.0,T_R2A,338.0,R2A,11.4,10.5,2.59,1.363375,2559.0,2645.0,80.0,8
203,29,1969,2010,10,29,P_1000038,"callandkanaal_rozenburg_0 - 1,750",Hollandse Delta,41,10.041666666666666,,340.0,T_R3B,203.0,340.0,R3B,0.377257961397539,2930.106210601083,2531.248820229399,2495.472822482728,4.627637167345365,1852.4756263914653,96.9399318349331,0.052329936466569,0.0113081329789275,0.0152722898547679,341.0,T_R3A,341.0,R3A,8.2,7.0,1.6000483870967737,0.8616190476190472,1676.0,1676.0,13097.0,8
204,29,1969,2010,10,29,P_1000038,"callandkanaal_rozenburg_0 - 1,750",Hollandse Delta,41,10.875,,343.0,T_R4B,204.0,343.0,R4B,0.3758886858351895,2167.652101132722,2135.623726934968,1863.1782148839488,4.994466403162055,2674.9264850698846,160.2455255783237,0.0599065157389314,0.0119945777793207,0.0901471890202002,344.0,T_R4A,344.0,R4A,8.1,7.8,3.1869130434782607,1.6557083333333331,2404.0,2480.0,455.0,8
205,29,1969,2010,10,29,P_1000038,"callandkanaal_rozenburg_0 - 1,750",Hollandse Delta,41,5.25,,346.0,T_R5B,205.0,346.0,R5B,0.3745966076514536,2180.962824566201,2069.535597059124,1989.058502519912,6.327577595100387,3176.711374172184,234.59174721626565,0.0738473596070394,0.0116707157671557,0.0464394136392713,347.0,T_R5A,347.0,R5A,7.3,7.8,2.185791666666667,1.152938775510204,3038.0,2764.0,6100.0,8
206,29,1969,2010,10,29,P_1000038,"callandkanaal_rozenburg_0 - 1,750",Hollandse Delta,41,6.541666666666666,,349.0,T_R6B,206.0,349.0,R6B,0.3761550543751757,2306.15973613196,2117.069162893048,1931.5997458558727,4.11719471739313,2140.566750000001,105.18897621841828,0.0491407129529682,0.0119354843105605,0.0741935879504452,350.0,T_R6A,350.0,R6A,9.0,8.9,1.0241219512195123,0.5717590361445783,1836.0,1802.0,23200.0,8
207,29,1969,2010,10,29,P_1000038,"callandkanaal_rozenburg_0 - 1,750",Hollandse Delta,41,10.958333333333334,,352.0,T_R7B,207.0,352.0,R7B,0.3795003146632577,2971.627620537485,2526.893300519002,2415.7920289986846,4.764214796931675,1972.11297154018,109.19482359884208,0.0553694566055022,0.0116219479946962,0.0316373922947991,353.0,T_R7A,353.0,R7A,8.0,7.0,2.2410250000000005,1.181951219512195,2292.0,2400.0,2000.0,8
208,29,1969,2010,10,29,P_1000038,"callandkanaal_rozenburg_0 - 1,750",Hollandse Delta,41,9.25,,355.0,T_R8B,208.0,355.0,R8B,0.3794148197402828,2350.924051183793,2223.08044861428,2172.2002905688287,6.192783891634031,2821.1928889627643,201.2333367870582,0.071329166316254,0.0115181100397535,0.0254089343779143,356.0,T_R8A,356.0,R8A,8.7,7.7,2.9633529411764696,1.5434857142857143,2549.0,2678.0,1420.0,8
209,30,1975,2010,11,30,P_1000377,"helderse_zeewering_4,9 - 5,5",HHNK,35,9.91348948343368,,358.0,T_1B,209.0,358.0,1B,0.3548490238637004,1152.191345770252,818.6251661962301,526.9558243940785,3.601564809749483,6834.661736381321,377.1273937485335,0.0551786479411353,0.0153207427481982,0.3734059885365022,359.0,T_1A,359.0,1A,20.1,19.6,1.7080416666666658,0.91556,1582.0,1471.0,475.0,8
210,30,1975,2010,11,30,P_1000377,"helderse_zeewering_4,9 - 5,5",HHNK,35,13.72983637152011,,360.0,T_2B,210.0,360.0,2B,0.3606377311423527,769.8472985176126,412.98276696838025,237.99266804487476,3.2537085219213844,13662.797646620282,755.0531377595789,0.0552634355926623,0.0169847530042513,0.52127498323635,361.0,T_2A,361.0,2A,22.2,20.7,1.1357000000000006,0.626829268292683,1352.0,1289.0,2000.0,8
211,30,1975,2010,11,30,P_1000377,"helderse_zeewering_4,9 - 5,5",HHNK,35,16.098557826035723,,362.0,T_3B,211.0,362.0,3B,0.362647833495283,781.3588737270603,462.6832075898008,270.3636293058875,3.681889975999253,13618.28876706485,838.4410852680708,0.0615672864343865,0.0167216529651126,0.4989767479440302,363.0,T_3A,363.0,3A,24.7,24.7,2.1924,1.171181818181818,1309.0,1291.0,125.0,8
212,30,1975,2010,11,30,P_1000377,"helderse_zeewering_4,9 - 5,5",HHNK,35,12.727679532477554,,364.0,T_4B,212.0,364.0,4B,0.3611858180085559,895.6677457334371,542.0764952692726,363.48809203911856,2.0252002576826227,5596.6725000000015,169.89137821406754,0.0303557834077422,0.0149890280196179,0.3490125217656135,365.0,T_4A,365.0,4A,22.8,21.1,0.7018444444444444,0.4098695652173915,1141.0,1048.0,4550.0,8
213,30,1975,2010,11,30,P_1000377,"helderse_zeewering_4,9 - 5,5",HHNK,35,12.721702246421074,,366.0,T_5B,213.0,366.0,5B,0.3630990876819334,2276.763867997849,1991.2456752490743,1887.4764846001303,4.549614596175699,2405.535319112236,127.80808348268576,0.0531308280810665,0.01167809425566,0.0488977757484868,367.0,T_5A,367.0,5A,10.2,9.9,2.1204827586206894,1.1191666666666669,2491.0,2456.0,900.0,8
214,30,1975,2010,11,30,P_1000377,"helderse_zeewering_4,9 - 5,5",HHNK,35,13.816354297370848,,368.0,T_6B,214.0,368.0,6B,0.3523238651609578,1854.3610500604625,1654.0266227998484,1239.7832913370482,6.534472363004682,5230.091165286144,466.8697196492617,0.0892660768034085,0.0136607933807776,0.2200087479596839,369.0,T_6A,369.0,6A,10.9,10.9,1.628425,0.8746585365853661,2298.0,2189.0,2000.0,8
215,30,1975,2010,11,30,P_1000377,"helderse_zeewering_4,9 - 5,5",HHNK,35,13.830707035515646,,370.0,T_7B,215.0,370.0,7B,0.3522826756330426,1865.7408120294149,1753.865737316366,1487.110885553699,5.52871657737907,3716.431500000001,255.9258271168243,0.0688633241637372,0.0124555714151624,0.1161549879750423,371.0,T_7A,371.0,7A,10.1,10.3,1.9316071428571424,1.0312758620689657,2146.0,2168.0,805.0,8
216,30,1975,2010,11,30,P_1000377,"helderse_zeewering_4,9 - 5,5",HHNK,35,17.25170721841016,,372.0,T_8B,216.0,372.0,8B,0.3564992518267202,1752.9182158433473,1469.5812155342023,1301.8834802659694,4.094415743913686,3159.815699724094,156.19880043574892,0.049432883205621,0.0120732447063058,0.084798868455785,373.0,T_8A,373.0,8A,12.5,12.8,2.424636363636364,1.2744166666666663,2067.0,2020.0,150.0,8
217,31,1965,2011,12,31,P_1103367,"lauwersmeerdijk_friesland_57,5 - 61,8",Wetterskip Fryslân,46,3.375,,374.0,T_1B,217.0,374.0,1B,0.3554257676515302,2701.503229309054,2657.559186144228,2121.0627252931267,5.945294784580499,2787.594600074869,221.5040600372099,0.0794606432482186,0.0133652991361008,0.1867804790821779,375.0,T_1A,375.0,1A,9.4,9.9,2.7928620689655177,1.4581000000000006,2832.0,2637.0,900.0,8
218,36,1976,2011,12,35,P_1103367,"langgrousterwei_55,3 - 57,5",Wetterskip Fryslân,35,2.033195020746888,,376.0,T_10B,218.0,376.0,10B,0.3488805811389366,1752.6692783135975,1688.680873763013,1265.4355681694085,7.974559286590922,6301.829573296251,680.7100394230717,0.1080178433113382,0.013545305693942,0.2093830590754196,377.0,T_10A,377.0,10A,17.1,15.5,2.789485714285714,1.4555277777777778,2628.0,2542.0,1500.0,8
219,36,1976,2011,12,35,P_1103367,"langgrousterwei_55,3 - 57,5",Wetterskip Fryslân,35,4.522821576763485,,378.0,T_11B,219.0,378.0,11B,0.3539153367795324,2787.849154460788,2978.498197855485,2760.855511389665,7.896952282329878,2852.155239160358,264.28432321086825,0.0926612687774563,0.011733801277335,0.046744245865315,379.0,T_11A,379.0,11A,10.1,10.6,4.837,2.485090909090909,3132.0,3105.0,125.0,8
220,36,1976,2011,12,35,P_1103367,"langgrousterwei_55,3 - 57,5",Wetterskip Fryslân,35,7.053941908713693,,380.0,T_12B,220.0,380.0,12B,0.3496735976018811,2098.104484095355,2083.453947595236,1824.3078318591167,7.813956979802628,4249.915093873517,407.9304665123011,0.0959855567703823,0.0122838604075353,0.0861480207257131,381.0,T_12A,381.0,12A,8.3,8.6,1.9668166666666664,1.0442295081967208,2967.0,2871.0,12365.0,8
221,36,1976,2011,12,35,P_1103367,"langgrousterwei_55,3 - 57,5",Wetterskip Fryslân,35,6.141078838174273,,382.0,T_13B,221.0,382.0,13B,0.3539720525602574,986.785360277084,932.4287749739216,705.0981542192496,6.77979748155795,9573.527987804877,877.0712584246436,0.0916142157355042,0.0135128248276896,0.2108588604246599,383.0,T_13A,383.0,13A,8.7,8.5,2.276435897435898,1.19905,3189.0,3151.0,1930.0,8
222,36,1976,2011,12,35,P_1103367,"langgrousterwei_55,3 - 57,5",Wetterskip Fryslân,35,2.946058091286307,,384.0,T_14B,222.0,384.0,14B,0.3525756389634959,1264.4806661080506,896.2224319351692,561.2901438314408,7.003356997567713,12505.177829277474,1357.786673614754,0.1085779580387786,0.0155037017356801,0.3925591340318715,385.0,T_14A,385.0,14A,13.0,13.1,3.314296296296296,1.718571428571429,2092.0,2033.0,700.0,8
223,36,1976,2011,12,35,P_1103367,"langgrousterwei_55,3 - 57,5",Wetterskip Fryslân,35,1.3692946058091289,,386.0,T_15B,223.0,386.0,15B,0.3516232845729489,1273.1040689613767,1049.4609876084403,673.6995988862586,8.070573364457788,11987.29216896317,1458.6874244760677,0.1216861492917324,0.0150777576507301,0.3624370590609675,387.0,T_15A,387.0,15A,14.8,13.9,3.7901153846153854,1.9590370370370376,2993.0,2927.0,620.0,8
224,36,1976,2011,12,35,P_1103367,"langgrousterwei_55,3 - 57,5",Wetterskip Fryslân,35,6.763485477178423,,388.0,T_16B,224.0,388.0,16B,0.3472195336821745,1756.981405665042,1915.1552627756896,1591.972654143926,7.828654069107293,4905.131847914964,484.4400176379641,0.0987618748400995,0.0126154347820558,0.1302543747004926,389.0,T_16A,389.0,16A,10.8,11.3,4.68075,2.403,2908.0,2804.0,180.0,8
225,32,1976,2011,12,32,P_1103367,"wierum-holwerd,vak3_46,1 - 49,7",Wetterskip Fryslân,35,4.336947456213512,,390.0,T_17B,225.0,390.0,17B,0.3558505653534866,1333.8151452071393,2129.640296251196,1864.1156146947965,5.217922606924644,2797.946248488147,179.60745533016546,0.0641926039241158,0.0123023296357302,0.0868157782448097,391.0,T_17A,391.0,17A,11.2,9.4,1.6075726495726497,0.868042372881356,2321.0,2957.0,40600.0,4
226,32,1976,2011,12,32,P_1103367,"wierum-holwerd,vak3_46,1 - 49,7",Wetterskip Fryslân,35,2.585487906588824,,392.0,T_18B,226.0,392.0,18B,0.3491161432212516,2193.576718647249,2052.590537190184,1892.294235361228,7.1967136873918855,3817.1285412536217,324.7409341897171,0.0850746655974717,0.011821321410426,0.0660340739103875,393.0,T_18A,393.0,18A,9.6,8.3,1.8535466666666665,0.9883421052631576,3548.0,3163.0,19500.0,4
227,32,1976,2011,12,32,P_1103367,"wierum-holwerd,vak3_46,1 - 49,7",Wetterskip Fryslân,35,4.587155963302752,,394.0,T_19B,227.0,394.0,19B,0.3515390903112713,2583.416996231042,2510.0333005063912,2320.236312899129,6.423081979753068,2771.27287818525,206.94478418780795,0.0746749935081543,0.0116260377406899,0.044254886888315,395.0,T_19A,395.0,19A,9.0,9.2,2.0032037037037047,1.0620727272727268,3448.0,3285.0,9200.0,4
228,31,1965,2011,12,31,P_1103367,"lauwersmeerdijk_friesland_57,5 - 61,8",Wetterskip Fryslân,46,2.0,,396.0,T_2B,228.0,396.0,2B,0.3489071473289415,1823.821258219789,1760.9068703415792,1636.512137091091,8.740319576512107,5339.468890639062,553.5595876424356,0.1036731553231658,0.0118614833720459,0.0566961348715228,397.0,T_2A,397.0,2A,8.8,8.6,3.035055555555556,1.579243243243243,3166.0,3029.0,1600.0,8
229,32,1976,2011,12,32,P_1103367,"wierum-holwerd,vak3_46,1 - 49,7",Wetterskip Fryslân,35,2.126772310258549,,398.0,T_20B,229.0,398.0,20B,0.3550509457691201,1829.8997527082763,1781.2645143838813,1708.113518547627,6.685581529166777,3864.546902815014,297.5059837554494,0.0769834061371437,0.0115148406763559,0.0252801685016131,399.0,T_20A,399.0,20A,14.6,12.4,1.9933777777777772,1.0578913043478255,3041.0,3094.0,4600.0,4
230,33,1977,2011,12,33,P_1103367,"wierum-holwerd,vak2_42,9 - 46,1",Wetterskip Fryslân,34,2.585487906588824,,,,,,,,,,,,,,,,,400.0,T_21A,400.0,21A,16.4,14.3,1.8152982456140336,0.9696206896551725,2614.0,2907.0,10700.0,5
231,33,1977,2011,12,33,P_1103367,"wierum-holwerd,vak2_42,9 - 46,1",Wetterskip Fryslân,34,1.084236864053378,,,,,,,,,,,,,,,,,401.0,T_22A,401.0,22A,18.6,15.2,2.2817272727272733,1.2019111111111112,2803.0,2783.0,4100.0,5
232,33,1977,2011,12,33,P_1103367,"wierum-holwerd,vak2_42,9 - 46,1",Wetterskip Fryslân,34,2.0850708924103416,,,,,,,,,,,,,,,,,402.0,T_23A,402.0,23A,14.7,13.2,1.5157388059701475,0.8187481481481471,2813.0,2562.0,49050.0,5
233,33,1977,2011,12,33,P_1103367,"wierum-holwerd,vak2_42,9 - 46,1",Wetterskip Fryslân,34,3.211009174311927,,,,,,,,,,,,,,,,,403.0,T_24A,403.0,24A,19.5,16.4,2.0161632653061226,1.0693600000000003,2810.0,2753.0,6750.0,5
234,33,1977,2011,12,33,P_1103367,"wierum-holwerd,vak2_42,9 - 46,1",Wetterskip Fryslân,34,2.8750000000000053,,404.0,T_25B,230.0,404.0,25B,0.3529756830250117,798.0967281891293,599.1438519199107,411.0823982545639,6.413652909120655,15573.67926254325,1458.8298136636458,0.0936727788642934,0.0146052148738956,0.3173533946697726,405.0,T_25A,405.0,25A,18.3,15.9,1.685730769230769,0.9053207547169811,2211.0,2378.0,8200.0,5
235,34,1977,2011,12,34,P_1103367,"wierum-holwerd,vak1_40,7 - 42,9",Wetterskip Fryslân,34,4.374999999999996,,406.0,T_26B,231.0,406.0,26B,0.3570693869047648,2380.366640439128,2244.568015930812,2110.892718779589,4.350905292526189,2061.168364369395,105.13310353029074,0.0510065579055477,0.0117232057413809,0.061444471644311,407.0,T_26AH,407.0,26AH,12.0,11.8,2.0240000000000005,1.0740000000000005,2727.0,2573.0,1520.0,7
236,34,1977,2011,12,34,P_1103367,"wierum-holwerd,vak1_40,7 - 42,9",Wetterskip Fryslân,34,4.208333333333336,,408.0,T_27B,232.0,408.0,27B,0.3537584191885437,1495.75524762675,1216.7097252067422,766.1465967123747,6.861729473266934,8975.910439238654,925.6874615439382,0.1031302025360288,0.0150297680690882,0.3744965314795191,409.0,T_27A,409.0,27A,22.5,20.1,3.564666666666666,1.8528571428571428,2041.0,2148.0,70.0,7
237,34,1977,2011,12,34,P_1103367,"wierum-holwerd,vak1_40,7 - 42,9",Wetterskip Fryslân,34,4.000000000000004,,410.0,T_28B,233.0,410.0,28B,0.3546706694702329,1823.4409468384688,1789.908659286523,1370.3434203694924,6.123139833626504,4450.580534638554,361.41823105293,0.0812069859740852,0.013262311196638,0.1952284156983919,411.0,T_28A,411.0,28A,15.0,14.2,2.903882352941178,1.5127428571428574,2831.0,2884.0,1420.0,7
238,34,1977,2011,12,34,P_1103367,"wierum-holwerd,vak1_40,7 - 42,9",Wetterskip Fryslân,34,3.500000000000003,,412.0,T_29B,234.0,412.0,29B,0.3531044027627137,1206.1420536714586,1111.051859677624,767.3821709288843,6.869879518072289,8903.32258679606,872.2508875602687,0.0979691434357155,0.0142606785429049,0.2686064208727999,413.0,T_29A,413.0,29A,23.4,22.9,4.0804,2.1101666666666667,2586.0,2700.0,60.0,7
239,31,1965,2011,12,31,P_1103367,"lauwersmeerdijk_friesland_57,5 - 61,8",Wetterskip Fryslân,46,2.166666666666667,,414.0,T_3B,235.0,414.0,3B,0.3539361121106379,1551.7089130075617,1693.6294432845882,1451.5879073317944,6.245783829658565,4253.49,330.1974842556237,0.0776297779601277,0.0124291490191346,0.1014263294164247,415.0,T_3A,415.0,3A,13.2,13.2,3.717277777777778,1.9231052631578949,2583.0,2629.0,325.0,8
240,34,1977,2011,12,34,P_1103367,"wierum-holwerd,vak1_40,7 - 42,9",Wetterskip Fryslân,34,2.500000000000002,,416.0,T_30B2,236.0,416.0,30B2,0.3464172617890516,1583.1029074820715,826.2964189645668,471.275064691115,9.115966905520892,19335.8965926748,3033.2246481089705,0.1568701318592113,0.0172082822902972,0.5420895850913313,417.0,T_30A,417.0,30A,19.9,16.7,2.362285714285714,1.2421395348837203,2657.0,2695.0,3050.0,7
241,34,1977,2011,12,34,P_1103367,"wierum-holwerd,vak1_40,7 - 42,9",Wetterskip Fryslân,34,3.833333333333333,,418.0,T_31B,237.0,418.0,31B,0.3571768243296506,731.3185088649823,1717.917143184696,1480.7221128896667,2.920102464387452,1934.729999999999,69.56434756818636,0.0359555842769721,0.0123131241850153,0.0850141535104219,419.0,T_31AH,419.0,31AH,11.1,9.2,1.074398305084745,0.5987627118644061,2148.0,2639.0,41170.0,7
242,34,1977,2011,12,34,P_1103367,"wierum-holwerd,vak1_40,7 - 42,9",Wetterskip Fryslân,34,1.8750000000000044,,420.0,T_32B,238.0,420.0,32B,0.3483584650388889,1448.2229946184289,901.7670938128452,531.649943478306,9.109626719056974,17092.153762252372,2498.444360164028,0.1461749288543018,0.0160462040171755,0.4665084806927775,421.0,T_32A,421.0,32A,16.2,15.5,1.7930851063829785,0.9577291666666669,2432.0,2754.0,5600.0,7
243,35,1968,2011,12,11,P_1103367,"noorderhavendam_0 - 1,206","{'noorderhavendam_0 - 1,206': 'Wetterskip Fryslân'}",43,8.143459915611814,,422.0,T_33B,239.0,422.0,33B,0.3545370827538999,2596.8045951670715,2461.8021023504807,2350.187235870381,4.77420097152922,2037.2726214733543,110.81341308469128,0.0543930212955746,0.0113931151243832,0.0153078625580017,423.0,T_33A,423.0,33A,8.6,7.9,2.8382333333333327,1.4783870967741934,1976.0,2265.0,1020.0,8
244,35,1968,2011,12,11,P_1103367,"noorderhavendam_0 - 1,206","{'noorderhavendam_0 - 1,206': 'Wetterskip Fryslân'}",43,11.09704641350211,,424.0,T_34B,240.0,424.0,34B,0.3578965860700069,366.1108222286973,799.9372640159544,936.439530845078,1.2320407153492898,1262.4300000000003,16.317128848666847,0.0129251751373674,0.0104908668815406,-0.0904376985797512,425.0,T_34A,425.0,34A,14.8,12.9,0.3676527777777781,0.2429178082191782,1420.0,1646.0,18400.0,8
245,35,1968,2011,12,11,P_1103367,"noorderhavendam_0 - 1,206","{'noorderhavendam_0 - 1,206': 'Wetterskip Fryslân'}",43,7.510548523206751,,426.0,T_35B,241.0,426.0,35B,0.3548135219464678,2565.569302750664,2360.0172801365006,2232.835380403949,5.581859905411227,2507.878386436277,162.6977150393334,0.0648746430127055,0.0116224061714293,0.0414921822236806,427.0,T_35A,427.0,35A,8.3,8.4,2.0045999999999995,1.0632682926829269,2992.0,2942.0,2050.0,8
246,35,1968,2011,12,11,P_1103367,"noorderhavendam_0 - 1,206","{'noorderhavendam_0 - 1,206': 'Wetterskip Fryslân'}",43,8.649789029535865,,428.0,T_36B,242.0,428.0,36B,0.3547221298416504,2586.74302324174,2355.0578453495577,2154.4873012951907,5.1614633344916285,2397.744714216767,147.98857401471622,0.0617199041821503,0.0119578305961616,0.0719425566103678,429.0,T_36A,429.0,36A,7.8,7.2,2.3861777777777777,1.253391304347826,3313.0,3251.0,4600.0,8
247,35,1968,2011,12,11,P_1103367,"noorderhavendam_0 - 1,206","{'noorderhavendam_0 - 1,206': 'Wetterskip Fryslân'}",43,11.09704641350211,,430.0,T_37B,243.0,430.0,37B,0.3538392646615728,2091.1096288145204,2142.6929782919183,1953.6883618473892,4.726362884981205,2336.04,137.12812843595188,0.0587011046197633,0.012419931784395,0.0751034132516659,431.0,T_37A,431.0,37A,7.9,8.1,2.8386,1.4790322580645157,2700.0,2598.0,1020.0,8
248,35,1968,2011,12,11,P_1103367,"noorderhavendam_0 - 1,206","{'noorderhavendam_0 - 1,206': 'Wetterskip Fryslân'}",43,6.455696202531645,,432.0,T_38BH,244.0,432.0,38BH,0.3493025908183713,1627.0356105628173,1453.2857449906105,1091.2820704267024,6.23157607719227,5711.931526390872,473.4376984990736,0.0828857447453013,0.0133009280025747,0.2112781864795323,433.0,T_38A,433.0,38A,11.5,11.6,1.5581395348837206,0.8383409090909094,2178.0,2151.0,3560.0,8
249,35,1968,2011,12,11,P_1103367,"noorderhavendam_0 - 1,206","{'noorderhavendam_0 - 1,206': 'Wetterskip Fryslân'}",43,7.637130801687764,,434.0,T_39B,245.0,434.0,39B,0.3532820920623895,613.1452252685673,1492.548082501235,1821.382326751992,3.6434385649648826,1939.2899999999995,68.93236715951468,0.0355451568148728,0.0097559369208728,-0.1454179994001776,435.0,T_39A,435.0,39A,8.0,5.9,1.2849689922480625,0.7005769230769228,2043.0,3013.0,46900.0,8
250,31,1965,2011,12,31,P_1103367,"lauwersmeerdijk_friesland_57,5 - 61,8",Wetterskip Fryslân,46,1.7916666666666667,,436.0,T_4B,246.0,436.0,4B,0.3536919807079744,1499.2982639004697,1449.2846653390277,1408.0430390670344,6.619279325443436,4696.068836049754,354.3555981792971,0.0754579224774256,0.0113997187257799,0.0310494448784855,437.0,T_4A,437.0,4A,11.4,11.2,3.1572857142857145,1.6414482758620692,2763.0,2719.0,820.0,8
251,35,1968,2011,12,11,P_1103367,"noorderhavendam_0 - 1,206","{'noorderhavendam_0 - 1,206': 'Wetterskip Fryslân'}",43,7.257383966244725,,438.0,T_40B,247.0,438.0,40B,0.3562701738810057,2629.353090366377,1958.9599479511253,1779.69295164805,4.533354158945484,2547.2675804820487,139.14267627461143,0.0546242873504007,0.0120494197971744,0.0780561445251925,439.0,T_40A,439.0,40A,8.6,8.9,2.139789473684211,1.1295897435897435,2459.0,2649.0,1850.0,8
252,31,1965,2011,12,31,P_1103367,"lauwersmeerdijk_friesland_57,5 - 61,8",Wetterskip Fryslân,46,1.7916666666666667,,440.0,T_5B,248.0,440.0,5B,0.3494473925363062,1820.70053193224,1286.014545415729,776.4865152886341,9.481095287684328,12227.718475401954,1848.0325457809745,0.1511346985538301,0.0159406370221961,0.4318107896722606,441.0,T_5A,441.0,5A,13.0,12.2,2.373152173913044,1.2474042553191491,2459.0,2602.0,5200.0,8
253,31,1965,2011,12,31,P_1103367,"lauwersmeerdijk_friesland_57,5 - 61,8",Wetterskip Fryslân,46,4.083333333333333,,442.0,T_6B,249.0,442.0,6B,0.355049706695795,2877.16538653143,2534.298530333165,2409.0781978056566,6.288359902646627,2618.980998553773,189.97215769272307,0.0725366689554554,0.0115350695695592,0.0402243016214047,443.0,T_6A,443.0,6A,8.7,9.1,3.719190476190476,1.9240909090909084,3294.0,3101.0,400.0,8
254,31,1965,2011,12,31,P_1103367,"lauwersmeerdijk_friesland_57,5 - 61,8",Wetterskip Fryslân,46,4.541666666666667,,444.0,T_7B,250.0,444.0,7B,0.355430908720424,1143.7459265159614,1570.3722137740351,1339.5370922474085,3.3256064275527013,2461.958093112244,102.3376650271821,0.0415675901687723,0.0124992512115637,0.1155551751787383,445.0,T_7A,445.0,7A,11.9,11.0,0.8120909090909091,0.4655714285714286,2178.0,2133.0,9500.0,8
255,31,1965,2011,12,31,P_1103367,"lauwersmeerdijk_friesland_57,5 - 61,8",Wetterskip Fryslân,46,6.458333333333334,,446.0,T_8B,251.0,446.0,8B,0.3541359034083428,2487.0806799101238,2363.4031846172065,2249.9137328481315,5.343733949786098,2369.798273124468,145.14709181677233,0.06124871195277,0.011461781692036,0.0251558141075477,447.0,T_8A,447.0,8A,8.3,7.8,1.8463191489361703,0.985,2915.0,2978.0,5600.0,8
256,36,1976,2011,12,35,P_1103367,"langgrousterwei_55,3 - 57,5",Wetterskip Fryslân,35,5.186721991701245,,448.0,T_9B,252.0,448.0,9B,0.3555489411396903,1705.0760028783598,1826.4616412741905,1788.5803293813603,3.867454347572902,2162.3039703844825,95.33951996676376,0.0440916361772259,0.0114006869156442,0.0281180585250354,449.0,T_9A(H),449.0,9A(H),6.9,6.6,1.4340114942528746,0.7778863636363641,2447.0,2873.0,25500.0,8
257,37,1955,2013,13,36,P_1300348,"zuidelijke_dijken_goeree_vak_1_42,525 - 43,04","{'zuidelijke_dijken_goeree_vak_1_42,525 - 43,04': 'Hollandse Delta'}",58,10.18480492813142,,450.0,T_1B,253.0,450.0,1B,0.3446131467944169,1036.1763887779794,1082.5674007475725,938.3428889202024,2.5526961453051857,2697.8849999999998,85.07697133484648,0.0315346915583305,0.0123534842234661,0.1114736969071672,451.0,T_1A,451.0,1A,11.8,11.7,1.2024285714285723,0.6669722222222223,1627.0,1636.0,1510.0,8
258,37,1955,2013,13,36,P_1300348,"zuidelijke_dijken_goeree_vak_1_42,525 - 43,04","{'zuidelijke_dijken_goeree_vak_1_42,525 - 43,04': 'Hollandse Delta'}",58,16.509240246406577,,452.0,T_2B,254.0,452.0,2B,0.3531005001084698,920.1804022464812,573.168790611424,485.7865720733919,1.3361124472235584,2676.343165938865,46.7100535156923,0.0174529388122417,0.0130624775246341,0.1647633532231901,453.0,T_2A,453.0,2A,10.7,11.1,0.392236641221374,0.2563560606060608,1000.0,1000.0,47500.0,8
259,37,1955,2013,13,36,P_1300348,"zuidelijke_dijken_goeree_vak_1_42,525 - 43,04","{'zuidelijke_dijken_goeree_vak_1_42,525 - 43,04': 'Hollandse Delta'}",58,5.913757700205336,,454.0,T_3B,255.0,454.0,3B,0.3455172746490547,1415.1566914669131,1354.9411677656194,1066.2581409452553,7.667439086590014,7174.632034971175,727.0520028631755,0.1013364865709237,0.0132164710311369,0.1882564662440979,455.0,T_3A,455.0,3A,13.1,13.6,3.745,1.93725,2651.0,2433.0,350.0,8
260,37,1955,2013,13,36,P_1300348,"zuidelijke_dijken_goeree_vak_1_42,525 - 43,04","{'zuidelijke_dijken_goeree_vak_1_42,525 - 43,04': 'Hollandse Delta'}",58,9.69199178644764,,456.0,T_4B,256.0,456.0,4B,0.3536788928660476,917.645375944466,1066.9876626177809,734.9467490595948,2.006404624932695,2685.0000000000005,78.56478893460475,0.0292606290259235,0.014583613226522,0.2986822532959904,457.0,T_4A,457.0,4A,12.5,11.4,0.7251896551724142,0.4256271186440679,1956.0,1804.0,11100.0,8
261,37,1955,2013,13,36,P_1300348,"zuidelijke_dijken_goeree_vak_1_42,525 - 43,04","{'zuidelijke_dijken_goeree_vak_1_42,525 - 43,04': 'Hollandse Delta'}",58,6.283367556468178,,458.0,T_5B,257.0,458.0,5B,0.3481627792790847,1451.0264246254333,1388.4000019980783,1067.5306482523986,8.660660101975914,8091.720724277977,930.681125216428,0.1150164664512037,0.0132803348817445,0.1921249539824795,459.0,T_5A,459.0,5A,12.7,11.9,2.8599,1.4903333333333328,2510.0,2320.0,7120.0,8
262,37,1955,2013,13,36,P_1300348,"zuidelijke_dijken_goeree_vak_1_42,525 - 43,04","{'zuidelijke_dijken_goeree_vak_1_42,525 - 43,04': 'Hollandse Delta'}",58,4.928131416837777,,460.0,T_6B,258.0,460.0,6B,0.3477973811011184,1777.1510972624433,1708.901177886605,1418.33229013231,9.655310621242483,6803.327242000789,832.792800467595,0.1224096344103946,0.0126779592301342,0.1380346961727913,461.0,T_6A,461.0,6A,11.1,9.4,2.3454418604651157,1.231704545454545,3017.0,2722.0,3550.0,8
263,37,1955,2013,13,36,P_1300348,"zuidelijke_dijken_goeree_vak_1_42,525 - 43,04","{'zuidelijke_dijken_goeree_vak_1_42,525 - 43,04': 'Hollandse Delta'}",58,5.4209445585215565,,462.0,T_7B,259.0,462.0,7B,0.3501479642657737,1785.9074407866756,1623.4015084014873,1268.2934458105708,6.520079730260985,5085.539639776441,442.7392402095263,0.0870584582109341,0.0133523609852312,0.1816838184435418,463.0,T_7A,463.0,7A,17.7,17.4,3.87768,2.030230769230769,2484.0,2262.0,505.0,8
264,37,1955,2013,13,36,P_1300348,"zuidelijke_dijken_goeree_vak_1_42,525 - 43,04","{'zuidelijke_dijken_goeree_vak_1_42,525 - 43,04': 'Hollandse Delta'}",58,8.131416837782346,,464.0,T_8B,260.0,464.0,8B,0.3432145528898138,1672.3569947587666,1595.0106264059766,1313.4827622794814,4.391898724698686,3343.704882031929,187.52161860783005,0.0560819884600208,0.0127694175060624,0.1492475755456228,465.0,T_8A,465.0,8A,16.1,14.4,2.4858,1.3636666666666664,1967.0,2167.0,60.0,8
265,38,2004,2016,14,37,P_1600982,t_horntje_texel_-,HHNK,12,4.3,,466.0,T_1A,261.0,466.0,1A,0.3413970180100047,2954.5320218987376,2019.1409416682775,1513.7939214673352,8.127756357567915,5338.710000000001,600.1474378144053,0.1124143169069691,0.0138309161792599,0.2426317647666732,467.0,T_1B,467.0,1B,11.8,11.2,3.8234482758620696,1.9732666666666672,2756.0,2620.0,900.0,8
266,38,2004,2016,14,37,P_1600982,t_horntje_texel_-,HHNK,12,4.5,,469.0,T_2A,262.0,469.0,2A,0.3233369632680622,2825.309343051789,2531.58480218754,2109.87893617626,9.12759221968148,4315.710206634256,495.5674065591471,0.1148287032334432,0.0125803936536343,0.1272871825566379,470.0,T_2B,470.0,2B,8.8,7.8,2.1939333333333333,1.1558157894736834,2729.0,2691.0,19500.0,8
267,38,2004,2016,14,37,P_1600982,t_horntje_texel_-,HHNK,12,4.6,,472.0,T_3A,263.0,472.0,3A,0.3313137864713228,3791.880923680971,2436.8154131466704,1974.4297628198387,8.573872395705825,4327.245000000001,491.6140163875836,0.1136090090548567,0.0132506064717918,0.1883775086172654,473.0,T_3B,473.0,3B,8.3,7.7,2.2143787878787897,1.1672388059701495,2802.0,2670.0,15000.0,8
268,38,2004,2016,14,37,P_1600982,t_horntje_texel_-,HHNK,12,2.5,,474.0,T_4A,264.0,474.0,4A,0.3401918436359217,2997.2019745797,2381.279274324482,1940.807871063451,9.328221319164532,4760.730000000001,581.9894129249626,0.1222479352798756,0.0131051709749554,0.1659681915105093,475.0,T_4B,475.0,4B,12.3,11.7,4.38144,2.2532692307692304,2665.0,2795.0,500.0,8
269,38,2004,2016,14,37,P_1600982,t_horntje_texel_-,HHNK,12,6.3,,476.0,T_5A,265.0,476.0,5A,0.3401332018280679,2414.806719028628,1909.114239404926,1412.7074903028958,6.05177985674342,4255.91509662053,360.169253055528,0.0846279225216512,0.0139839724056306,0.2454278362583433,477.0,T_5C,477.0,5C,10.5,9.0,2.3678913043478262,1.2453404255319147,2373.0,2586.0,5000.0,8
270,38,2004,2016,14,37,P_1600982,t_horntje_texel_-,HHNK,12,3.6,,479.0,T_6A,266.0,479.0,6A,0.3211145452939044,2849.4082070143886,2095.4408417988097,1670.2196553747465,10.724714237912996,6360.419999999998,895.6024955513986,0.1408087037572045,0.013129366492529,0.1751137738716066,480.0,T_6B,480.0,6B,9.7,8.0,2.184902439024392,1.151120481927711,2550.0,2707.0,23000.0,8
271,38,2004,2016,14,37,P_1600982,t_horntje_texel_-,HHNK,12,4.6,,482.0,T_7A,267.0,482.0,7A,0.3405357650014968,2590.9838014627835,2370.7169608066965,1971.12034697124,6.614040043643475,3311.1120212541778,283.0182973211012,0.0854753011992327,0.0129233117179839,0.1522669505911743,483.0,T_7B,483.0,7B,7.5,7.0,2.3177164179104466,1.2182499999999998,2108.0,2645.0,15500.0,8
272,38,2004,2016,14,37,P_1600982,t_horntje_texel_-,HHNK,12,2.2,,485.0,T_8A,268.0,485.0,8A,0.3243705770192204,2217.725998182647,1736.294304106019,1352.7032143975998,10.330964451207052,7619.2613811269075,1044.549274583218,0.1370932459635249,0.0132701304520999,0.1914950130993356,486.0,T_8B,486.0,8B,11.8,9.7,3.615073170731708,1.8683809523809525,2513.0,2835.0,2500.0,8
273,39,1980,2017,15,10,P_1604257,"emmapolder_47,5 - 57","{'emmapolder_47,5 - 57': 'Noorderzijlvest'}",37,2.6,,487.0,T_1A,269.0,487.0,1A,0.3226228447655683,2406.7530938183427,2225.200251046044,1743.5821936385676,8.42987626173236,4821.878873653281,526.3611503250773,0.109161006345703,0.0129493011470692,0.1739682539768139,,,,,,,,,,,,16
274,39,1980,2017,15,10,P_1604257,"emmapolder_47,5 - 57","{'emmapolder_47,5 - 57': 'Noorderzijlvest'}",37,9.2,,488.0,T_10A,270.0,488.0,10A,0.3474661214827375,1241.7891595032986,1154.2821100964263,847.741923550233,2.165726148758798,2543.367025251034,76.10515976171448,0.0299229953860877,0.0138166108412353,0.2355175651034669,,,,,,,,,,,,16
275,39,1980,2017,15,10,P_1604257,"emmapolder_47,5 - 57","{'emmapolder_47,5 - 57': 'Noorderzijlvest'}",37,11.1,,489.0,T_11A,271.0,489.0,11A,0.3472379042494494,1599.6791984380543,1137.350405447257,965.3017574977846,2.9102400035921963,2939.1000000000004,112.18935612514018,0.038171330041557,0.0131162137811455,0.153082792658676,,,,,,,,,,,,16
276,39,1980,2017,15,10,P_1604257,"emmapolder_47,5 - 57","{'emmapolder_47,5 - 57': 'Noorderzijlvest'}",37,1.2,,490.0,T_12A,272.0,490.0,12A,0.3407650257633859,1461.988880518653,1236.7622275013705,807.9033283484539,7.658446184080926,9471.49346385542,1087.785067915265,0.1148483153228589,0.0149962946219542,0.345869118508802,,,,,,,,,,,,16
277,39,1980,2017,15,10,P_1604257,"emmapolder_47,5 - 57","{'emmapolder_47,5 - 57': 'Noorderzijlvest'}",37,3.1,,491.0,T_13A,273.0,491.0,13A,0.3164120390642446,1920.9458880547609,1763.0217156975316,1168.2236943453006,6.655105943848636,5634.819814508508,553.2271787312912,0.0981801010401156,0.0147525977600498,0.3159157109909394,,,,,,,,,,,,16
278,39,1980,2017,15,10,P_1604257,"emmapolder_47,5 - 57","{'emmapolder_47,5 - 57': 'Noorderzijlvest'}",37,2.3,,492.0,T_14A,274.0,492.0,14A,0.3300550209886974,1523.6127104721131,1107.3868469356307,679.9394599145576,7.82889215961759,11503.994342590033,1427.1787797770628,0.1240594125201686,0.0158463560349039,0.4277642542382097,,,,,,,,,,,,16
279,39,1980,2017,15,10,P_1604257,"emmapolder_47,5 - 57","{'emmapolder_47,5 - 57': 'Noorderzijlvest'}",37,2.9,,493.0,T_15A,275.0,493.0,15A,0.3439769099089938,684.8308368700859,424.1245281224541,257.0408904259939,3.1868957758576424,12322.8,634.7175070540621,0.0515075719036308,0.016162301978567,0.4428747753307341,,,,,,,,,,,,16
280,39,1980,2017,15,10,P_1604257,"emmapolder_47,5 - 57","{'emmapolder_47,5 - 57': 'Noorderzijlvest'}",37,1.1,,494.0,T_16A,276.0,494.0,16A,0.3309658128798267,1621.3061150146011,1195.066711284602,724.817789291981,8.648689939036046,11881.88900937238,1652.1580666237166,0.1390484345814459,0.016077398491747,0.4294035408678494,,,,,,,,,,,,16
281,39,1980,2017,15,10,P_1604257,"emmapolder_47,5 - 57","{'emmapolder_47,5 - 57': 'Noorderzijlvest'}",37,1.7,,495.0,T_2A,277.0,495.0,2A,0.3140436765353559,2069.349414885131,1594.6328142171249,1033.6133907105689,12.680655227896072,12272.966260269752,2340.5238622106986,0.1907056381135407,0.0150390996905277,0.3616238761723311,,,,,,,,,,,,16
282,39,1980,2017,15,10,P_1604257,"emmapolder_47,5 - 57","{'emmapolder_47,5 - 57': 'Noorderzijlvest'}",37,2.1,,496.0,T_3A,278.0,496.0,3A,0.3343885089286556,1546.5832328422268,1082.8890310673708,627.61344375972,8.555234050868176,13625.958547696731,1939.47372373142,0.1423366816317857,0.016637380203215,0.4819203636858153,,,,,,,,,,,,16
283,39,1980,2017,15,10,P_1604257,"emmapolder_47,5 - 57","{'emmapolder_47,5 - 57': 'Noorderzijlvest'}",37,1.4,,497.0,T_4A,279.0,497.0,4A,0.3320844500165897,1573.0851913905733,1352.813053072596,942.6769844246924,8.829443108460852,9348.972854969574,1179.515717550364,0.1261652735384055,0.0142891541390087,0.2861898320550457,,,,,,,,,,,,16
284,39,1980,2017,15,10,P_1604257,"emmapolder_47,5 - 57","{'emmapolder_47,5 - 57': 'Noorderzijlvest'}",37,3.7,,498.0,T_5A,280.0,498.0,5A,0.3307669419804872,1590.662064119173,1445.9528340991658,1163.339536379589,5.857813121272367,5024.526952041495,383.02825596709744,0.0762317049193,0.0130136799076891,0.175727743021661,,,,,,,,,,,,16
285,39,1980,2017,15,10,P_1604257,"emmapolder_47,5 - 57","{'emmapolder_47,5 - 57': 'Noorderzijlvest'}",37,2.8,,499.0,T_6A,281.0,499.0,6A,0.3305217003751439,1395.172027778097,1116.7831057967965,699.6773535649236,7.699864921830648,10994.857061603983,1315.4048540448591,0.1196381950829073,0.0155377005048113,0.3915863527231663,,,,,,,,,,,,16
286,39,1980,2017,15,10,P_1604257,"emmapolder_47,5 - 57","{'emmapolder_47,5 - 57': 'Noorderzijlvest'}",37,1.6,,500.0,T_7B,282.0,500.0,7B,0.3274081082478929,1561.6333516999084,1117.7354336333838,694.9811006756055,8.937877781229473,12812.467122664111,1781.968343835187,0.1390808129905788,0.0155608318210239,0.4007914571615457,,,,,,,,,,,,16
287,39,1980,2017,15,10,P_1604257,"emmapolder_47,5 - 57","{'emmapolder_47,5 - 57': 'Noorderzijlvest'}",37,2.5,,501.0,T_8A,283.0,501.0,8A,0.3278053411788204,1375.2750264452673,1173.3955478884884,757.1789686650311,10.201175583692436,13443.597990527134,2055.5459485013303,0.1529014739915419,0.0149886131002361,0.3460704663806221,,,,,,,,,,,,16
288,39,1980,2017,15,10,P_1604257,"emmapolder_47,5 - 57","{'emmapolder_47,5 - 57': 'Noorderzijlvest'}",37,1.3,,502.0,T_9A,284.0,502.0,9A,0.3138424653554036,2106.7285244450527,1634.7372712366614,1009.8955373279138,9.762118060644417,9661.290406196218,1465.9464291410272,0.1517340197331042,0.0155431453287595,0.3981344963807566,,,,,,,,,,,,16
289,40,1979,2017,16,38,P_1700160,"helderse_zeewering_0 - 1,3",HHNK,38,6.073386756642766,,503.0,T_1A,285.0,503.0,1A,0.3558968324514406,1308.4441532330331,918.461971043904,566.0999538798452,6.250946321793943,10978.92555061696,1081.1264817547217,0.098472885781976,0.0157532764980959,0.4181893210254709,504.0,T_1B,504.0,1B,15.8,16.0,3.1395000000000004,1.6345185185185185,2188.0,2081.0,600.0,8
290,41,1974,2017,16,39,P_1700160,"helderse_zeewering_1,3 - 2,7",HHNK,43,5.824829931972789,,505.0,T_10A,286.0,505.0,10A,0.3447535307225695,2220.3004596211754,1922.2442522699012,1748.7210470666068,7.374698795180723,4195.426734918433,374.0621010306706,0.0891594883346099,0.0120899159153285,0.0781458600449989,506.0,T_10B,506.0,10B,9.2,9.6,2.9089285714285715,1.5199310344827586,2607.0,2459.0,800.0,8
291,41,1974,2017,16,39,P_1700160,"helderse_zeewering_1,3 - 2,7",HHNK,43,3.6564625850340136,,507.0,T_11A,287.0,507.0,11A,0.3558785560660728,2034.2058335358568,1711.2319775706828,1624.164691438266,6.149039999999999,3760.820415518961,271.7216591106609,0.0722506339280137,0.0117499046888642,0.0504664725067855,508.0,T_11BH,508.0,11BH,6.5,6.2,1.9100816326530607,1.0160909090909096,2582.0,2670.0,31000.0,8
292,41,1974,2017,16,39,P_1700160,"helderse_zeewering_1,3 - 2,7",HHNK,43,3.869047619047619,,509.0,T_12A,288.0,509.0,12A,0.3529613584244659,1634.3818087768905,1349.823634375303,1315.5163174839088,7.308479999999999,5516.323659062884,463.2669457824635,0.0839811030705844,0.0114909123471069,0.0268711143902377,510.0,T_12B,510.0,12B,9.5,9.5,4.295478260869564,2.213041666666667,2592.0,2550.0,450.0,8
293,41,1974,2017,16,39,P_1700160,"helderse_zeewering_1,3 - 2,7",HHNK,43,2.848639455782313,,511.0,T_13A,289.0,511.0,13A,0.3480436415076314,1786.4091366540863,1425.884226865085,1142.305666385633,7.097992463826143,6146.726419104306,577.2153290664901,0.0939061363252606,0.0132299571750518,0.1731524410111704,512.0,T_13BH,512.0,13BH,20.0,19.6,4.213733333333334,2.1751875,2039.0,2033.0,250.0,8
294,41,1974,2017,16,39,P_1700160,"helderse_zeewering_1,3 - 2,7",HHNK,43,4.124149659863945,,513.0,T_14A,290.0,513.0,14A,0.3494612536751767,2655.3236759691013,2145.813681165684,1527.6784554898325,6.568791450058295,4267.289419966413,404.49547954628775,0.0947897927086162,0.0144303245778605,0.2811139149604582,514.0,T_14B,514.0,14B,7.7,7.2,2.420447368421052,1.2738974358974364,2479.0,2697.0,1800.0,8
295,41,1974,2017,16,39,P_1700160,"helderse_zeewering_1,3 - 2,7",HHNK,43,10.671768707482991,,515.0,T_15A,291.0,515.0,15A,0.3521788669487032,1587.697300670107,1334.1173757246104,938.0986795470952,5.629022112546573,5925.000000000002,479.9372002551935,0.0810020591148005,0.0143900765524183,0.283956173956897,516.0,T_15B,516.0,15B,11.6,12.6,2.800058823529412,1.469888888888889,2440.0,2257.0,300.0,8
296,41,1974,2017,16,39,P_1700160,"helderse_zeewering_1,3 - 2,7",HHNK,43,3.316326530612245,,517.0,T_16A,292.0,517.0,16A,0.3443776663480745,2568.658321855106,2346.9597907613893,2132.744561586556,7.707667308444063,3584.904632437938,332.5059692817101,0.0927516917111369,0.0120336916474746,0.072170058358671,518.0,T_16B,518.0,16B,8.9,6.2,1.949380000000001,1.0370495049504949,2184.0,2866.0,32000.0,8
297,42,1970,2017,16,40,P_1700160,"helderse_zeewering_2,7 - 4",HHNK,47,6.394849785407724,,519.0,T_17A,293.0,519.0,17A,0.3442459523351339,1842.215796562403,1536.996451419064,1011.1016077591248,7.517445060158763,7390.691084290898,835.1614783526632,0.1130018111740348,0.015031943734837,0.3448295370715679,520.0,T_17B,520.0,17B,11.1,11.2,4.3042,2.2244545454545457,2598.0,2568.0,125.0,8
298,42,1970,2017,16,40,P_1700160,"helderse_zeewering_2,7 - 4",HHNK,47,1.84549356223176,,521.0,T_18A,294.0,521.0,18A,0.3604713864910345,2556.2952199334613,2205.788498223242,1789.2193425832536,6.745527053535651,3720.045,333.21547817354866,0.0895729697284706,0.0132788689479084,0.1721854119894322,522.0,T_18B,522.0,18B,7.6,7.7,2.2892857142857146,1.214125,2382.0,2385.0,80.0,8
299,42,1970,2017,16,40,P_1700160,"helderse_zeewering_2,7 - 4",HHNK,47,5.493562231759657,,523.0,T_19A,295.0,523.0,19A,0.355652856010771,1781.9856779841928,1649.5229455292335,1534.7061176249467,5.241466419270209,3411.228025627977,211.19904399011068,0.0619129071417706,0.0118121346564672,0.0661006868954919,524.0,T_19B,524.0,19B,9.2,8.8,3.14616,1.6405384615384615,2023.0,1986.0,500.0,8
300,40,1979,2017,16,38,P_1700160,"helderse_zeewering_0 - 1,3",HHNK,38,1.30746520455504,,525.0,T_2A,296.0,525.0,2A,0.3628700359205101,1801.3933229016122,1739.2124193931138,1573.4368504414938,6.970413816372657,4424.654543951412,374.44420121344285,0.0846267652070861,0.0121408523850202,0.0913443699031464,526.0,T_2B,526.0,2B,9.1,8.5,2.858756097560975,1.4917380952380954,2718.0,2827.0,2500.0,8
301,42,1970,2017,16,40,P_1700160,"helderse_zeewering_2,7 - 4",HHNK,47,5.407725321888412,,527.0,T_20A,297.0,527.0,20A,0.3600118863482116,1882.2014157627468,1449.770834748947,1232.8407438249965,4.485875107094566,3611.8338857765993,206.90437698856792,0.0572851309146185,0.0127701127532552,0.1477127158913868,528.0,T_20B,528.0,20B,8.6,7.4,2.8764,1.500565217391304,2703.0,2827.0,4500.0,8
302,42,1970,2017,16,40,P_1700160,"helderse_zeewering_2,7 - 4",HHNK,47,10.343347639484978,,529.0,T_21A,298.0,529.0,21A,0.3625256820044634,1772.0913512528418,1563.323994517518,1348.6569508633831,3.8759900512101018,2873.636025709201,136.7573387797094,0.0475903481012207,0.0122782430998146,0.1049161927238264,530.0,T_21B,530.0,21B,8.6,9.4,1.7111363636363648,0.9183111111111106,2279.0,2057.0,4000.0,8
303,42,1970,2017,16,40,P_1700160,"helderse_zeewering_2,7 - 4",HHNK,47,5.36480686695279,,531.0,T_22A,299.0,531.0,22A,0.3604622528364394,3377.24118930409,2327.849144395689,2085.047327312465,3.6153469627201753,1659.84,77.99217852231386,0.0469877690152748,0.0129967523172164,0.1152051988321208,532.0,T_22B,532.0,22B,7.5,6.0,1.2220769230769228,0.6731132075471699,2174.0,2387.0,8000.0,8
304,42,1970,2017,16,40,P_1700160,"helderse_zeewering_2,7 - 4",HHNK,47,2.40343347639485,,533.0,T_23A,300.0,533.0,23A,0.3643241983861863,1713.3229501286587,1372.9082272708845,1443.4582973416846,2.514591616351551,1737.6851974276333,47.86541078215362,0.0275455018279552,0.010954264560828,-0.0165922771422369,534.0,T_23BH,534.0,23BH,8.0,7.5,1.5161818181818194,0.8206025641025644,2616.0,2616.0,20500.0,8
305,42,1970,2017,16,40,P_1700160,"helderse_zeewering_2,7 - 4",HHNK,47,1.7167381974248928,,535.0,T_24A,301.0,535.0,24A,0.3615488162684178,968.1161462603836,474.8660291720908,264.25512494651485,6.547710843373494,24680.88,2865.1047387898875,0.1160860041777233,0.0177292502608306,0.5830213982907342,536.0,T_24B,536.0,24B,14.2,11.5,2.9048181818181806,1.5155333333333334,2337.0,2419.0,4000.0,8
306,43,1975,2017,16,41,P_1700160,helderse_zeewering_4 - 5,HHNK,42,4.261603375527426,,537.0,T_25A,302.0,537.0,25A,0.3647377825556685,1619.580549082552,1389.6757508366686,1038.567755068436,5.228308566404464,4995.635035989545,355.8255855814777,0.0712272980347923,0.0136233921793517,0.2191478096842824,538.0,T_25B,538.0,25B,9.5,9.1,2.6365510204081644,1.3805,2901.0,2933.0,6500.0,8
307,43,1975,2017,16,41,P_1700160,helderse_zeewering_4 - 5,HHNK,42,4.430379746835443,,539.0,T_26A,303.0,539.0,26A,0.3492184688080973,1949.3468914937832,1502.5825801469082,1359.4252091223616,7.017044782199538,5089.50058076644,438.4834035094878,0.0861545050542966,0.0122778901558172,0.0873678824038176,540.0,T_26B,540.0,26B,8.4,8.1,4.296279999999999,2.2132692307692308,2827.0,2820.0,500.0,8
308,43,1975,2017,16,41,P_1700160,helderse_zeewering_4 - 5,HHNK,42,2.3628691983122363,,541.0,T_27A,304.0,541.0,27A,0.3493873555472601,1613.1142077428906,1468.8977846746282,1035.8647725365606,7.543925857393939,7270.584673919248,774.1101179078936,0.1064715084998254,0.0141135412134877,0.2680999760543448,542.0,T_27B,542.0,27B,9.7,8.9,2.024647887323946,1.073722222222223,2789.0,2880.0,17500.0,8
309,43,1975,2017,16,41,P_1700160,helderse_zeewering_4 - 5,HHNK,42,2.4894514767932487,,543.0,T_28A,305.0,543.0,28A,0.346207316279281,1677.396389396638,1103.4584625152197,633.383381922123,10.274792878258577,16144.799999999996,2766.983180093293,0.1713854107881976,0.016680181568511,0.5001140156913226,544.0,T_28B,544.0,28B,13.2,12.4,4.776,2.4558461538461533,2980.0,2920.0,500.0,8
310,43,1975,2017,16,41,P_1700160,helderse_zeewering_4 - 5,HHNK,42,1.350210970464135,,545.0,T_29A,306.0,545.0,29A,0.3648448021858945,2632.80502093842,2145.8174626398595,1466.6272993950272,6.888235105703656,4637.010000000001,468.3747953450804,0.101007932988085,0.0146638335419834,0.3003699134158081,546.0,T_29B,546.0,29B,9.8,10.1,4.105888888888889,2.1182142857142856,3297.0,2984.0,700.0,8
311,40,1979,2017,16,38,P_1700160,"helderse_zeewering_0 - 1,3",HHNK,38,3.92239561366512,,547.0,T_3A,307.0,547.0,3A,0.346900563375111,2278.686332697013,1949.2956357635155,1418.2680250147705,9.34092634166128,6568.255067726185,849.4400636682815,0.1293250726272941,0.0138449943717566,0.2451541649779354,548.0,T_3B,548.0,3B,12.3,11.9,4.370647058823529,2.253722222222222,2761.0,2757.0,300.0,8
312,43,1975,2017,16,41,P_1700160,helderse_zeewering_4 - 5,HHNK,42,3.8818565400843887,,549.0,T_30A,308.0,549.0,30A,0.3502037770761979,2380.014568654151,2078.681769162743,1954.6350537049732,7.120984704044214,3620.172541289732,300.913210463346,0.0831212344249597,0.0116727163278068,0.050251921235011,550.0,T_30B,550.0,30B,6.4,6.3,2.689674418604652,1.4086136363636363,3104.0,2988.0,3500.0,8
313,43,1975,2017,16,41,P_1700160,helderse_zeewering_4 - 5,HHNK,42,4.050632911392405,,551.0,T_31A,309.0,551.0,31A,0.3589329964486217,2544.277019581415,2003.649226736468,1838.720672484986,5.860066773116564,3164.905885969454,223.6075396522685,0.070652192421758,0.0120565507454419,0.0818828679443719,552.0,T_31BH,552.0,31BH,5.7,6.1,2.373449999999999,1.248268292682927,2978.0,2854.0,2000.0,8
314,43,1975,2017,16,41,P_1700160,helderse_zeewering_4 - 5,HHNK,42,5.949367088607595,,553.0,T_32A,310.0,553.0,32A,0.3534729787176566,2582.3720820721933,1867.1779793722808,1465.5129995202951,5.676414032777922,3791.618517113783,294.7197588695474,0.0777292751207183,0.0136933766057017,0.2040022996963716,554.0,T_32B,554.0,32B,8.0,7.4,1.8013076923076932,0.961945652173913,2081.0,2611.0,27500.0,8
315,40,1979,2017,16,38,P_1700160,"helderse_zeewering_0 - 1,3",HHNK,38,2.7836355967946016,,555.0,T_4A,311.0,555.0,4A,0.36100817729066,2071.608316918263,1761.858425546416,1671.157454680081,6.483081740710195,3856.7517352016775,292.0211674500567,0.0757168694019622,0.0116791477310091,0.042901991181657,556.0,T_4B,556.0,4B,7.6,6.4,1.9064756097560995,1.0142409638554215,2958.0,2858.0,23000.0,8
316,40,1979,2017,16,38,P_1700160,"helderse_zeewering_0 - 1,3",HHNK,38,5.018979333614508,,557.0,T_5A,312.0,557.0,5A,0.3449588451050265,2648.181214109231,2287.523801559328,1920.2044581522184,8.863452556340247,4548.120000000001,515.3137008759967,0.1133025735635815,0.0127831195398607,0.1335895239589387,558.0,T_5B,558.0,5B,5.9,5.7,2.3779285714285723,1.2500350877192985,2425.0,2722.0,10000.0,8
317,40,1979,2017,16,38,P_1700160,"helderse_zeewering_0 - 1,3",HHNK,38,8.140025305778153,,559.0,T_6A,313.0,559.0,6A,0.3525123514226696,1593.2961771894743,1350.907181824159,941.9189058217744,7.324580196524378,7758.626629293282,817.261890437262,0.1053358963494425,0.0143811513456328,0.2862180922790104,560.0,T_6B,560.0,6B,15.6,14.3,4.413666666666667,2.3055714285714286,2206.0,2388.0,70.0,8
318,40,1979,2017,16,38,P_1700160,"helderse_zeewering_0 - 1,3",HHNK,38,5.398566005904682,,561.0,T_7A,314.0,561.0,7A,0.3560615034638513,1911.9591817001224,1626.3906972285868,1584.1774296614196,7.2070400053991,4525.889948562322,373.2704016401868,0.0824744759334589,0.0114435990186919,0.0266613724246881,562.0,T_7B,562.0,7B,10.4,10.3,4.315692307692308,2.235928571428571,2441.0,2467.0,200.0,8
319,40,1979,2017,16,38,P_1700160,"helderse_zeewering_0 - 1,3",HHNK,38,0.9700548291859976,,563.0,T_8A,315.0,563.0,8A,0.3545884650665688,1438.9546811056798,1362.2533417390262,1254.8629960552128,7.481849901908422,5959.973033255687,531.223610857085,0.0891318816197561,0.0119130806937226,0.0653439063003513,564.0,T_8B,564.0,8B,8.2,7.7,2.8689761904761903,1.497,2961.0,2964.0,3000.0,8
320,41,1974,2017,16,39,P_1700160,"helderse_zeewering_1,3 - 2,7",HHNK,43,2.5510204081632653,,565.0,T_9A,316.0,565.0,9A,0.3536738032561209,1755.679746875902,1664.007760671141,1445.1638396336216,8.58526531623666,5929.432583234995,624.8604938015302,0.1053828481949983,0.0122748504924706,0.1026437531870726,566.0,T_9B,566.0,9B,13.1,12.5,4.301631578947368,2.2182500000000003,2158.0,2305.0,350.0,8
321,44,1967,2018,17,42,P_1702837,pwn_spaarbekkens_-,PWN,51,3.8,,567.0,T_1A,317.0,567.0,1A,0.3282683079205264,2357.6761729478103,2175.798427975258,1822.281215539632,4.736502241842747,3897.1082390090273,349.5885280450263,0.0897045980262331,0.0189389962140783,0.1403740526340389,,,,,,,,,,,,8
322,44,1967,2018,17,42,P_1702837,pwn_spaarbekkens_-,PWN,51,5.8,,568.0,T_2A,318.0,568.0,2A,0.3381383897253175,3367.699162428123,3138.402454479687,3063.1440782899235,4.25584,2082.9836027900933,153.3390759880818,0.073615114292157,0.0172974346526554,0.0373126491493206,,,,,,,,,,,,8
323,44,1967,2018,17,42,P_1702837,pwn_spaarbekkens_-,PWN,51,5.05,,569.0,T_3A,319.0,569.0,3A,0.3369176772184962,3110.2776916848165,2943.0843646373514,2890.844536015172,4.360047321021678,2260.971347669542,167.1159991182032,0.0739133643999757,0.0169524225215647,0.0244277555521551,,,,,,,,,,,,8
324,44,1967,2018,17,42,P_1702837,pwn_spaarbekkens_-,PWN,51,8.9,,570.0,T_4A,320.0,570.0,4A,0.345853547275213,1511.5554114814115,1384.1301226642672,1259.12564180182,1.676620093569468,1998.5933598292152,60.6670403414628,0.0303548693600417,0.0181047987415069,0.0841240043221095,,,,,,,,,,,,8
325,44,1967,2018,17,42,P_1702837,pwn_spaarbekkens_-,PWN,51,5.35,,571.0,T_5A,321.0,571.0,5A,0.3393995862284796,2728.603474071633,2635.2692727882945,2424.4198669810776,4.172287319995462,2580.4149715201665,187.8113155040843,0.0727833769284951,0.0174444786148079,0.0461165198744189,,,,,,,,,,,,8
326,44,1967,2018,17,42,P_1702837,pwn_spaarbekkens_-,PWN,51,5.65,,572.0,T_6A,322.0,572.0,6A,0.3464890536901667,2037.7645644342456,1806.144527374738,1510.1561574147054,1.755984964961721,1736.341189427313,58.93885335597341,0.0339442810634543,0.0193306216970908,0.1477411816660661,,,,,,,,,,,,8
327,44,1967,2018,17,42,P_1702837,pwn_spaarbekkens_-,PWN,51,11.55,,573.0,T_7A,323.0,573.0,7A,0.3341313710174789,2014.9590683925296,1932.406751492415,1747.848875250115,3.603860515354098,3087.388904187989,200.4299459906116,0.0649189176390223,0.0180137153928233,0.0789232029147325,,,,,,,,,,,,8
328,44,1967,2018,17,42,P_1702837,pwn_spaarbekkens_-,PWN,51,4.65,,574.0,T_8A,324.0,574.0,8A,0.341118357485867,2474.738507481464,2361.9542586318667,2111.609399664187,3.758655522570496,2667.241346369342,183.03246456612175,0.0686223857527052,0.0182571627914907,0.0964848793965751,,,,,,,,,,,,8
329,45,1982,2017,18,43,P_1702899,"zwarte_haan_-_westrand_groene_dijk_19,6 - 26,5",Wetterskip Fryslân,35,3.55,6.4,575.0,T_31A,325.0,575.0,31A,0.3417542799726902,2333.4988628845454,1609.6552473360452,1282.7048648275254,3.5644621513944217,4145.378811864571,297.4470284652268,0.0717538835326455,0.0201303536087696,0.205985442451584,576.0,T_31B,576.0,31B,14.2,13.9,3.4250000000000003,1.7809565217391303,3343.0,3256.0,425.0,8
330,45,1982,2017,18,43,P_1702899,"zwarte_haan_-_westrand_groene_dijk_19,6 - 26,5",Wetterskip Fryslân,35,3.15,6.1,577.0,T_32A,326.0,577.0,32A,0.3421587610929325,1860.6365930465329,1511.65048502674,1216.9639887291892,2.772950355313321,3422.2553124626324,186.7738679640657,0.0545762518897704,0.0196816548789615,0.1785562385854325,578.0,T_32B,578.0,32B,10.8,11.6,2.2409310344827578,1.180966666666667,2590.0,2526.0,900.0,8
331,45,1982,2017,18,43,P_1702899,"zwarte_haan_-_westrand_groene_dijk_19,6 - 26,5",Wetterskip Fryslân,35,3.45,6.7,579.0,T_33A,327.0,579.0,33A,0.3236142131503403,1593.1576287018872,1148.4849894829908,724.5006727422133,5.126052420936628,10607.818006451613,1259.38577183478,0.1187224150215274,0.0231605932347907,0.3944992977886197,580.0,T_33B,580.0,33B,13.4,12.4,2.016375,1.068526315789474,2720.0,2414.0,10000.0,8
332,45,1982,2017,18,43,P_1702899,"zwarte_haan_-_westrand_groene_dijk_19,6 - 26,5",Wetterskip Fryslân,35,3.8,6.4,581.0,T_34A,328.0,581.0,34A,0.3278216774437212,1379.5888276341357,1046.522260824967,692.8892858205678,5.156387029883276,11162.130558837587,1278.9451738852829,0.1145789477325797,0.0222207811532668,0.332989274081227,582.0,T_34B,582.0,34B,17.8,17.7,4.2804,2.2019375,2855.0,2781.0,250.0,8
333,45,1982,2017,18,43,P_1702899,"zwarte_haan_-_westrand_groene_dijk_19,6 - 26,5",Wetterskip Fryslân,35,6.15,6.4,583.0,T_35A,329.0,583.0,35A,0.3399440874813175,1997.3311150879388,1675.2243588845013,1126.7286301458976,3.209779788873813,4272.139894391842,301.1761607968372,0.0704977290636478,0.0219634160910405,0.3201156792815749,584.0,T_35B,584.0,35B,12.9,12.6,1.2920215053763444,0.705925531914894,2734.0,2537.0,28500.0,8
334,45,1982,2017,18,43,P_1702899,"zwarte_haan_-_westrand_groene_dijk_19,6 - 26,5",Wetterskip Fryslân,35,5.05,6.4,585.0,T_36A,330.0,585.0,36A,0.3251825195108763,2446.597038764991,1924.5142834407343,1502.3946604311395,3.783515836199733,3758.705393050283,286.34763362822747,0.0761825159688424,0.020135376529932,0.1997312123706518,586.0,T_36B,586.0,36B,12.3,11.4,2.3717999999999986,1.247487804878049,2825.0,2897.0,2000.0,8
335,45,1982,2017,18,43,P_1702899,"zwarte_haan_-_westrand_groene_dijk_19,6 - 26,5",Wetterskip Fryslân,35,7.7,6.4,587.0,T_37A,331.0,587.0,37A,0.3421051163908193,2209.933942096369,1706.356242737408,1242.136856071463,3.447583295806788,4167.932133597683,303.9955839340798,0.0729367883616848,0.0211559176685871,0.2693550601152309,588.0,T_37B,588.0,37B,13.6,12.4,2.0244571428571425,1.0748333333333335,1961.0,2236.0,1500.0,8
336,45,1982,2017,18,43,P_1702899,"zwarte_haan_-_westrand_groene_dijk_19,6 - 26,5",Wetterskip Fryslân,35,4.8,6.4,589.0,T_38A,332.0,589.0,38A,0.3358120260663159,1607.6289150471196,1017.1231721402252,624.6160394535731,3.7815029328703074,9081.635968798872,831.7961773720866,0.0915910063153631,0.0242207947319617,0.4359471162520194,590.0,T_38B,590.0,38B,24.1,24.1,3.6056666666666666,1.8819,2207.0,2207.0,100.0,8
337,46,1993,2017,18,44,P_1702899,"oostrand_groene_dijk_-_holwerd_37,9 - 40,7 ",Wetterskip Fryslân,24,1.8,6.7,591.0,T_41A,333.0,591.0,41A,0.3287065339343208,1354.0913394219067,774.3006927071493,456.7096387833854,5.485372479151687,18017.70282611051,2448.106520778703,0.1358722887376635,0.0247699293446479,0.4832410971387586,592.0,T_41B,592.0,41B,15.0,13.7,2.2007999999999983,1.161585365853658,2552.0,2451.0,2000.0,8
338,46,1993,2017,18,44,P_1702899,"oostrand_groene_dijk_-_holwerd_37,9 - 40,7 ",Wetterskip Fryslân,24,1.6,6.5,593.0,T_42A,334.0,593.0,42A,0.3261004835716496,1456.825635418572,1248.937654448436,917.4433012783009,6.1248,10000.986680901711,1263.9424253141751,0.1263817726832744,0.020634432582823,0.2364674651713402,594.0,T_42B,594.0,42B,12.9,12.6,4.382812500000002,2.2527272727272725,3225.0,3217.0,1200.0,8
339,46,1993,2017,18,44,P_1702899,"oostrand_groene_dijk_-_holwerd_37,9 - 40,7 ",Wetterskip Fryslân,24,5.0,6.3,595.0,T_43A,335.0,595.0,43A,0.3438677819405633,3432.512080468706,2246.502627484588,2045.9355411200631,2.540846937686576,1841.7147590361449,85.93337598363269,0.0466594382012802,0.0183637343553497,0.0914889818909695,596.0,T_43B,596.0,43B,8.3,7.1,1.8870000000000005,1.0031272727272726,2575.0,2667.0,9000.0,8
340,46,1993,2017,18,44,P_1702899,"oostrand_groene_dijk_-_holwerd_37,9 - 40,7 ",Wetterskip Fryslân,24,2.1,6.7,597.0,T_44A,336.0,597.0,44A,0.330450431025421,1360.4011707101265,833.7873429456569,518.1792171290527,4.521991714417231,13075.787747146356,1408.0974603106392,0.1076873904302967,0.0238141503194184,0.4216066937735298,598.0,T_44B,598.0,44B,15.1,15.7,4.203961538461537,2.1662592592592587,3212.0,2988.0,600.0,8
341,46,1993,2017,18,44,P_1702899,"oostrand_groene_dijk_-_holwerd_37,9 - 40,7 ",Wetterskip Fryslân,24,3.1,6.7,599.0,T_45A,337.0,599.0,45A,0.3299218821040011,1452.2117353512588,771.4389681699815,442.1484131064301,5.038334225157341,17069.909999999993,2169.573002805364,0.1270992643080933,0.0252264456124135,0.514563622122623,600.0,T_45B,600.0,45B,19.4,20.3,4.664749999999999,2.3998461538461537,2170.0,2171.0,175.0,8
342,46,1993,2017,18,44,P_1702899,"oostrand_groene_dijk_-_holwerd_37,9 - 40,7 ",Wetterskip Fryslân,24,3.7,6.7,601.0,T_46A,338.0,601.0,46A,0.3381397749553511,3924.229334946232,3222.5901391119123,2838.8070218337466,3.284894816012214,1708.795597160507,101.11972292525716,0.0591760202877904,0.0180145860376828,0.0793415058069684,602.0,T_46B,602.0,46B,11.5,9.2,1.330520833333334,0.7250204081632655,2089.0,2815.0,6000.0,8
343,46,1993,2017,18,44,P_1702899,"oostrand_groene_dijk_-_holwerd_37,9 - 40,7 ",Wetterskip Fryslân,24,2.1,6.7,603.0,T_47A,339.0,603.0,47A,0.3414266072629661,3656.671272766973,2546.9806914679366,2319.2053495889804,3.5830476735466625,2293.5549683759514,150.6670410144212,0.0656914890167674,0.0183339701287711,0.090878919137649,604.0,T_47B,604.0,47B,11.6,10.9,2.1274166666666647,1.1243835616438351,2178.0,2836.0,18000.0,8
344,46,1993,2017,18,44,P_1702899,"oostrand_groene_dijk_-_holwerd_37,9 - 40,7 ",Wetterskip Fryslân,24,1.6,6.7,605.0,T_48A,340.0,605.0,48A,0.3213131554986461,1946.0826365073565,1301.5441711052786,873.8724535997477,5.201120837502827,8933.217545855505,1031.1193462448537,0.1154253034757038,0.0221923902716173,0.3315434162970391,606.0,T_48B,606.0,48B,15.8,15.4,2.9304333333333337,1.5270322580645166,2086.0,2392.0,1000.0,8
345,47,1976,2017,18,45,P_1702899,"t_schoor_-_wierum_46,1 - 49,7",Wetterskip Fryslân,41,1.5,,607.0,T_51A,341.0,607.0,51A,0.341693218286708,3628.2979449008,2471.9206096025346,1959.2194357507533,3.928237623762376,2985.215275692124,235.65026643037584,0.0789391198514955,0.0200953016115887,0.2087510903197378,608.0,T_51B,608.0,51B,16.3,15.3,3.8439166666666655,1.984230769230769,2772.0,2871.0,175.0,16
346,47,1976,2017,18,45,P_1702899,"t_schoor_-_wierum_46,1 - 49,7",Wetterskip Fryslân,41,4.15,,609.0,T_510A,342.0,609.0,510A,0.3473493481991398,2561.0026628049263,2380.1037815116983,2017.7575039979235,3.905957296794669,2895.7758547881026,213.5567037306864,0.0737476636451592,0.0188808166709038,0.1229985866264635,610.0,T_510B,610.0,510B,16.3,15.1,3.62024,1.8726538461538456,3167.0,3066.0,500.0,16
347,47,1976,2017,18,45,P_1702899,"t_schoor_-_wierum_46,1 - 49,7",Wetterskip Fryslân,41,6.8,,611.0,T_511A,343.0,611.0,511A,0.3426224034964666,1737.6008037220688,920.020628221508,555.8189491533793,4.699449215091823,12675.000000000002,1469.9949800639683,0.1159759353107667,0.024678622962521,0.4739459479642856,612.0,T_511B,612.0,511B,18.7,16.8,2.118767441860465,1.1202954545454546,2591.0,2414.0,3500.0,16
348,47,1976,2017,18,45,P_1702899,"t_schoor_-_wierum_46,1 - 49,7",Wetterskip Fryslân,41,9.4,4.8,613.0,T_512A,344.0,613.0,512A,0.3534765322422985,2489.6046591556915,2093.0604974136377,1870.757672100422,1.4800177365325546,1187.5239576854735,32.4860409594241,0.0273561141644169,0.018483639411314,0.1156858097570748,614.0,T_512BH,614.0,512BH,5.3,4.5,1.6636458333333335,0.8925876288659795,2697.0,2704.0,30000.0,16
349,47,1976,2017,18,45,P_1702899,"t_schoor_-_wierum_46,1 - 49,7",Wetterskip Fryslân,41,5.35,,615.0,T_513A,345.0,615.0,513A,0.3435789922333829,1394.110421273362,777.960774447119,459.8937606947619,4.371321317345998,14256.818646901207,1544.207438938613,0.1083136060845001,0.0247782302469271,0.4895408465042991,616.0,T_513B,616.0,513B,15.1,14.6,2.594804878048782,1.3577619047619045,2583.0,2422.0,2500.0,16
350,47,1976,2017,18,45,P_1702899,"t_schoor_-_wierum_46,1 - 49,7",Wetterskip Fryslân,41,9.75,,617.0,T_514A,346.0,617.0,514A,0.3518317489415698,1288.5471386416714,1156.5504800790038,930.0343982102028,2.4348756747620803,3922.9790810975137,186.6981185576432,0.0475909034175658,0.0195455168043502,0.1738419618294416,618.0,T_514B,618.0,514B,13.5,13.2,1.700977272727272,0.9103555555555556,2360.0,2360.0,4000.0,16
351,47,1976,2017,18,45,P_1702899,"t_schoor_-_wierum_46,1 - 49,7",Wetterskip Fryslân,41,8.8,,619.0,T_515A,347.0,619.0,515A,0.3544233895544764,2368.7464333601984,2054.595960741695,1864.1585887063943,1.5936812917501086,1272.9021810089016,37.995472606152745,0.0298494834662295,0.0187298951306946,0.1132966639010324,620.0,T_515BH,620.0,515BH,7.0,6.7,1.7156415094339623,0.9185,3507.0,3433.0,8500.0,16
352,47,1976,2017,18,45,P_1702899,"t_schoor_-_wierum_46,1 - 49,7",Wetterskip Fryslân,41,7.5,,621.0,T_516A,348.0,621.0,516A,0.322897612100409,3904.031232187393,2518.394130852589,2040.656982307397,4.959061752414674,3644.087953584006,362.0892850642259,0.0993634867424389,0.0200367512451436,0.1970422004678496,622.0,T_516B,622.0,516B,8.2,8.5,3.632933333333333,1.8805161290322585,3081.0,3377.0,1000.0,16
353,47,1976,2017,18,45,P_1702899,"t_schoor_-_wierum_46,1 - 49,7",Wetterskip Fryslân,41,1.25,,623.0,T_52A,349.0,623.0,52A,0.3377919403731655,1922.641786484746,1557.868362314355,1241.12388641675,4.200907201182096,5058.931988836842,422.4260125126906,0.0835010261938341,0.0198769032961113,0.1883369550518346,624.0,T_52B,624.0,52B,17.4,17.2,4.02568,2.0765,2847.0,2745.0,500.0,16
354,47,1976,2017,18,45,P_1702899,"t_schoor_-_wierum_46,1 - 49,7",Wetterskip Fryslân,41,2.45,,625.0,T_53A,350.0,625.0,53A,0.3441259964778407,3989.243860552663,2508.5041353087427,2083.7469077079354,3.311239362397996,2361.1433237798333,154.73074985254,0.0655321294112885,0.0197908161383507,0.1762521700801653,626.0,T_53BH,626.0,53BH,8.4,7.4,1.7147900552486182,0.9178626373626384,2779.0,2683.0,53500.0,16
355,47,1976,2017,18,45,P_1702899,"t_schoor_-_wierum_46,1 - 49,7",Wetterskip Fryslân,41,1.9,6.9,627.0,T_54A,351.0,627.0,54A,0.3326817514410449,1742.901228690272,1008.4095453026656,611.6697744268305,5.1227037773359845,12554.879999999996,1550.92493831753,0.123531641745483,0.0241145393360465,0.4546793879608147,628.0,T_54B,628.0,54B,15.5,14.8,3.804259259259261,1.9631071428571436,3053.0,2932.0,700.0,16
356,47,1976,2017,18,45,P_1702899,"t_schoor_-_wierum_46,1 - 49,7",Wetterskip Fryslân,41,4.1,,629.0,T_55A,352.0,629.0,55A,0.3426335209559147,5066.792166381239,2963.92149528691,2128.662755489008,3.062251666791376,2157.8699999999994,139.99610370872568,0.0648769868938933,0.0211860401930555,0.2762369122283749,630.0,T_55B,630.0,55B,11.1,11.7,2.319733333333333,1.225125,3171.0,3161.0,250.0,16
357,47,1976,2017,18,45,P_1702899,"t_schoor_-_wierum_46,1 - 49,7",Wetterskip Fryslân,41,4.2,,631.0,T_56A,353.0,631.0,56A,0.327952047212699,5699.82567596262,3653.1436155337046,3017.156556825169,4.554910652598481,2246.871789141285,200.4534674225548,0.0892144662598503,0.0195864360608161,0.1753449280137884,632.0,T_56BH,632.0,56BH,7.8,8.1,2.335243243243242,1.2294473684210518,3192.0,3237.0,1700.0,16
358,47,1976,2017,18,45,P_1702899,"t_schoor_-_wierum_46,1 - 49,7",Wetterskip Fryslân,41,5.1,,633.0,T_57A,354.0,633.0,57A,0.3266172837175864,3646.0588064397134,2650.076099691271,2367.205031505748,3.735937417510144,2353.422406287592,160.23341819569413,0.0680852777502252,0.0182244160277185,0.0892160866588257,634.0,T_57B,634.0,57B,6.7,6.3,2.218835616438356,1.1689324324324326,3142.0,2756.0,18500.0,16
359,47,1976,2017,18,45,P_1702899,"t_schoor_-_wierum_46,1 - 49,7",Wetterskip Fryslân,41,3.25,,635.0,T_58A,355.0,635.0,58A,0.3400050972514218,2622.8583309984147,2347.191150863584,2335.4305188660683,4.488799754150913,2885.6956090726503,217.6177561877289,0.0754125818064583,0.0168001661773221,0.0100219665887118,636.0,T_58B,636.0,58B,8.2,7.4,2.69735294117647,1.4094423076923075,2169.0,3049.0,7500.0,16
360,47,1976,2017,18,45,P_1702899,"t_schoor_-_wierum_46,1 - 49,7",Wetterskip Fryslân,41,6.25,,637.0,T_59A,356.0,637.0,59A,0.3537846872651067,2413.94380352234,2254.3698356862856,1846.548120077176,2.9349415632875275,2385.9376598437093,132.50131324009797,0.0555342729485972,0.0189217644546187,0.144370185578742,638.0,T_59B,638.0,59B,11.3,10.5,2.8091304347826087,1.4665000000000006,2486.0,2500.0,450.0,16
361,48,1976,2017,18,46,P_1702899,"langgrousterwei_55,45 - 56,05",Wetterskip Fryslân,41,1.9,,639.0,T_61A,357.0,639.0,61A,0.3304749410513465,2021.0558002687285,1370.8506080410789,856.6371842017253,5.935074799997008,10384.252733761836,1443.5657756447215,0.1390148923235779,0.0234226015691745,0.4070254036126788,640.0,T_61B,640.0,61B,13.8,13.4,3.2578965517241385,1.6886666666666668,2978.0,2957.0,900.0,8
362,48,1976,2017,18,46,P_1702899,"langgrousterwei_55,45 - 56,05",Wetterskip Fryslân,41,2.45,5.8,641.0,T_62A,358.0,641.0,62A,0.3360205780487422,2033.352053713889,1188.5955170629,711.6977319003148,6.3645181014107735,13411.792764565113,2059.5305308614866,0.1535611656856874,0.0241276972174293,0.459016471708138,642.0,T_62B,642.0,62B,17.5,17.7,4.464785714285716,2.2936666666666663,3153.0,3074.0,225.0,8
363,48,1976,2017,18,46,P_1702899,"langgrousterwei_55,45 - 56,05",Wetterskip Fryslân,41,5.95,5.5,643.0,T_63A,359.0,643.0,63A,0.3499449589893371,2094.135300138388,1868.0805209674684,1388.1673247990732,3.3548212639132595,3621.261732751784,247.46322255002545,0.0683361879954418,0.0203695465777901,0.2281926938478746,644.0,T_63B,644.0,63B,10.3,9.5,1.2942686567164172,0.7068088235294117,1966.0,2158.0,15500.0,8
364,48,1976,2017,18,46,P_1702899,"langgrousterwei_55,45 - 56,05",Wetterskip Fryslân,41,6.0,,645.0,T_64A,360.0,645.0,64A,0.3497430474430764,2219.6628274003174,1810.212659164945,1221.3347011843412,2.024968792973046,2476.9100005310106,112.24512810791092,0.0453165953078017,0.0223789104627475,0.331972503150468,646.0,T_64B,646.0,64B,14.9,22.1,1.4588928571428574,0.7910000000000003,2619.0,1390.0,800.0,8
365,48,1976,2017,18,46,P_1702899,"langgrousterwei_55,45 - 56,05",Wetterskip Fryslân,41,3.4,,647.0,T_65A,361.0,647.0,65A,0.3395167019897365,2478.208678268149,1423.9812797043742,838.6047844905427,4.762360081661599,8482.32,997.8171647430572,0.1176349353411634,0.0247009745848785,0.4846245906263227,648.0,T_65B,648.0,65B,19.6,19.7,4.3465,2.2346923076923075,3032.0,2927.0,175.0,8
366,48,1976,2017,18,46,P_1702899,"langgrousterwei_55,45 - 56,05",Wetterskip Fryslân,41,3.25,,649.0,T_66A,362.0,649.0,66A,0.3343010929437108,2374.0063971199347,1297.0531682180708,768.3916331028054,6.181441751240486,12062.571907087617,1844.448910831512,0.1529067702176985,0.0247364249913077,0.4895431188483885,650.0,T_66B,650.0,66B,15.8,14.9,2.335073170731707,1.2283571428571425,2859.0,2807.0,2500.0,8
367,48,1976,2017,18,46,P_1702899,"langgrousterwei_55,45 - 56,05",Wetterskip Fryslân,41,4.8,,651.0,T_67A,363.0,651.0,67A,0.345661806957341,1505.366354113952,1096.477968974051,670.8640916161454,3.959902715873173,8854.545254165281,819.2020911870999,0.0925176920634899,0.0233636275185839,0.4130772306420684,652.0,T_67B,652.0,67B,16.6,16.2,2.249538461538462,1.1865,2244.0,2463.0,1900.0,8
368,48,1976,2017,18,46,P_1702899,"langgrousterwei_55,45 - 56,05",Wetterskip Fryslân,41,4.45,,653.0,T_68A,364.0,653.0,68A,0.341383312094269,2174.681509273024,1043.282059400628,611.5243329157563,4.660090602767873,11430.674999999996,1355.559062528063,0.1185895900747824,0.0254479151122825,0.5238453930331091,654.0,T_68B,654.0,68B,22.8,22.9,4.321599999999999,2.2307272727272727,2742.0,2714.0,125.0,8
369,49,2019,2019,19,47,P_1900384,proefvakken_pov-wadden_-_vak_1_(harlingen)_-,Wetterskip Fryslân,0,5.5,5.6,655.0,T_1B,365.0,655.0,1B,0.3387361866240876,3086.6048006224173,2233.1020322968784,1923.923532261636,5.003432494940901,2555.28,158.69289642568884,0.0621039167628161,0.0124122623470209,0.1130786719185727,,,,,,,,,,,,8
370,49,2019,2019,19,47,P_1900384,proefvakken_pov-wadden_-_vak_1_(harlingen)_-,Wetterskip Fryslân,0,2.8,5.2,657.0,T_2B,366.0,657.0,2B,0.3178754244036418,3165.9123242647365,2726.957853391562,2098.6938498756217,9.918867013641702,4694.969242093818,626.0451191744659,0.1333438169437864,0.0134434524387104,0.2019131817013922,,,,,,,,,,,,8
371,50,2019,2019,19,48,P_1900384,"proefvakken_pov-wadden_-_vak_4_(westhoek)_17,2-17,3",Wetterskip Fryslân,0,2.4,5.8,659.0,T_25OB,367.0,659.0,25OB,0.3187717991121051,1773.6160482717837,1701.7415574970655,1326.2254788646774,11.520736615780992,8686.46434331125,1290.5862644129488,0.1485744042001077,0.012896259080916,0.1606102966524425,660.0,T_25OV,660.0,25OV,10.2,8.7,2.0811066666666647,1.0998157894736835,2945.0,2527.0,19500.0,8
372,50,2019,2019,19,48,P_1900384,"proefvakken_pov-wadden_-_vak_4_(westhoek)_17,2-17,3",Wetterskip Fryslân,0,6.6,5.7,661.0,T_26OB,368.0,661.0,26OB,0.3092669794335812,2802.3297503924973,1972.9115686052348,1242.0686406251511,10.13313753909616,8105.250000000005,1281.8974083740827,0.1581564305078908,0.0156078440559682,0.3900707975214604,662.0,T_26OV,662.0,26OV,12.6,12.9,3.197514285714285,1.6598333333333326,2807.0,2744.0,1500.0,8
373,50,2019,2019,19,48,P_1900384,"proefvakken_pov-wadden_-_vak_4_(westhoek)_17,2-17,3",Wetterskip Fryslân,0,7.2,5.8,663.0,T_27OB,369.0,663.0,27OB,0.3147359584374642,2226.740976885518,1893.7435052057715,1275.5943137607685,9.77341731921397,7662.93644353088,1097.1341851951129,0.1431741204275971,0.0146493407322457,0.3158247121999294,664.0,T_27OV,664.0,27OV,10.5,10.9,2.461974358974357,1.2914499999999998,2355.0,2303.0,1900.0,8
374,50,2019,2019,19,48,P_1900384,"proefvakken_pov-wadden_-_vak_4_(westhoek)_17,2-17,3",Wetterskip Fryslân,0,2.4,5.9,666.0,T_28OB,370.0,666.0,28OB,0.3085383081130243,2539.9906404797403,2123.3510494100965,1487.2630313655914,11.539295225723905,7715.917677919709,1274.921211683605,0.165232609379956,0.0143191248813543,0.2739940769334589,667.0,T_28OV,667.0,28OV,14.2,14.1,2.914137254901962,1.5174615384615389,3292.0,3513.0,7500.0,8
375,50,2019,2019,19,48,P_1900384,"proefvakken_pov-wadden_-_vak_4_(westhoek)_17,2-17,3",Wetterskip Fryslân,0,2.3,5.8,669.0,T_29OB,371.0,669.0,29OB,0.3198586264152398,2099.192827459966,1983.892555341032,1447.8996663648422,11.964697157385826,8261.131049445583,1351.906892028271,0.1636467069626016,0.0136774633582415,0.2355533961730594,670.0,T_29OV,670.0,29OV,12.1,12.7,5.456866666666667,2.7868125000000004,2135.0,2184.0,250.0,8
376,49,2019,2019,19,47,P_1900384,proefvakken_pov-wadden_-_vak_1_(harlingen)_-,Wetterskip Fryslân,0,2.7,5.43,671.0,T_3B,372.0,671.0,3B,0.3370209520916493,2706.6300659737485,2667.116093857529,1966.3854317977448,11.510306571617951,5849.561168335955,906.1912693350248,0.1549161113555484,0.0134589040171649,0.2080724522666799,,,,,,,,,,,,8
377,50,2019,2019,19,48,P_1900384,"proefvakken_pov-wadden_-_vak_4_(westhoek)_17,2-17,3",Wetterskip Fryslân,0,4.9,5.7,673.0,T_30OB,373.0,673.0,30OB,0.3150455997709648,2400.2838515635603,1845.539527583089,1110.3786699054913,9.901158202957223,8925.69784299115,1391.628274894775,0.1559125459291166,0.0157468997801236,0.4314501065184692,674.0,T_30OV,674.0,30OV,13.9,13.6,1.6803037974683552,0.9018125000000008,3887.0,3434.0,21500.0,8
378,50,2019,2019,19,48,P_1900384,"proefvakken_pov-wadden_-_vak_4_(westhoek)_17,2-17,3",Wetterskip Fryslân,0,5.1,5.8,675.0,T_31OB,374.0,675.0,31OB,0.3256275950499505,1582.2081899446098,1487.6753484010835,1056.3663735810412,10.796886227544908,10218.01347648,1520.389882742348,0.1487950555401015,0.0137812932732862,0.2423488586571431,676.0,T_31OV,676.0,31OV,16.7,16.0,3.20239534883721,1.6632045454545454,3754.0,3629.0,3500.0,8
379,50,2019,2019,19,48,P_1900384,"proefvakken_pov-wadden_-_vak_4_(westhoek)_17,2-17,3",Wetterskip Fryslân,0,7.7,5.9,677.0,T_32OB,375.0,677.0,32OB,0.3183915041480475,2438.0500063607124,1672.7393080718386,1053.9697761544337,8.458107453639334,7957.500000000003,1065.1618605293315,0.1338563443957689,0.0158258032461119,0.3955948727154791,678.0,T_32OV,678.0,32OV,16.6,18.5,3.97703846153846,2.0511111111111107,2720.0,2549.0,600.0,8
380,51,2019,2019,19,49,P_1900384,"proefvakken_pov-wadden_-_vak_5_(westhoek)_17,4-17,5",Wetterskip Fryslân,0,2.4,6.0,680.0,T_33TB,376.0,680.0,33TB,0.312234741811866,2176.9334085096552,1997.344037031187,1390.8253216980652,10.931155225988194,7780.019999999999,1204.7793647541544,0.1548555613936923,0.014166440617871,0.2645798249087223,681.0,T_33TV,681.0,33TV,11.0,11.6,3.9860625,2.054823529411765,2642.0,2581.0,275.0,8
381,51,2019,2019,19,49,P_1900384,"proefvakken_pov-wadden_-_vak_5_(westhoek)_17,4-17,5",Wetterskip Fryslân,0,2.6,5.8,682.0,T_34TB,377.0,682.0,34TB,0.3205038874744184,1679.2767990226955,1587.8827226315527,1114.776211569158,9.256723164590538,8263.152397207314,1093.871813976238,0.1323794795731871,0.014300900785234,0.2757297678888243,683.0,T_34TV,683.0,34TV,8.5,8.8,1.875617021276596,0.9978541666666664,2748.0,2526.0,5500.0,8
382,51,2019,2019,19,49,P_1900384,"proefvakken_pov-wadden_-_vak_5_(westhoek)_17,4-17,5",Wetterskip Fryslân,0,3.5,5.7,684.0,T_35TB,378.0,684.0,35TB,0.3141212085553984,2000.958268585447,1901.7164792805704,1305.9198830416703,8.98542011601819,6878.534280705894,885.731402813968,0.1287674621755424,0.0143307113649578,0.2893900399643527,685.0,T_35TV,685.0,35TV,12.9,14.2,3.134931034482759,1.6299333333333337,3697.0,3398.0,900.0,8
383,51,2019,2019,19,49,P_1900384,"proefvakken_pov-wadden_-_vak_5_(westhoek)_17,4-17,5",Wetterskip Fryslân,0,3.3,5.7,686.0,T_36TB,379.0,686.0,36TB,0.3071854327079584,2555.826171359472,2052.523484039193,1305.6979404816043,9.641696307416275,7333.201535509795,1087.388543978478,0.1482829210015546,0.0153793395138879,0.3718307527069743,687.0,T_36TV,687.0,36TV,11.1,11.5,3.885277777777778,2.0050000000000003,2903.0,2820.0,325.0,8
384,51,2019,2019,19,49,P_1900384,"proefvakken_pov-wadden_-_vak_5_(westhoek)_17,4-17,5",Wetterskip Fryslân,0,2.8,6.0,688.0,T_37TB,380.0,688.0,37TB,0.3154447742383696,2571.401848138433,2390.906325970628,1811.7405433150211,10.225832280425136,5591.40661275378,724.072443379842,0.1294973686457109,0.0126637485433437,0.2109280622096459,689.0,T_37TV,689.0,37TV,10.6,9.7,1.5109428571428576,0.8257323943661979,4023.0,4167.0,17000.0,8
385,51,2019,2019,19,49,P_1900384,"proefvakken_pov-wadden_-_vak_5_(westhoek)_17,4-17,5",Wetterskip Fryslân,0,0.5,5.8,690.0,T_38TB,381.0,690.0,38TB,0.3062300203126445,2426.405728947858,2300.865668161675,1949.0198870880388,9.54377542620343,4836.344999999999,579.9870423172069,0.1199225949176923,0.0125655298414118,0.1191825134751534,691.0,T_38TV,691.0,38TV,10.5,10.4,2.8369767441860456,1.4795227272727274,3694.0,3864.0,3500.0,8
386,51,2019,2019,19,49,P_1900384,"proefvakken_pov-wadden_-_vak_5_(westhoek)_17,4-17,5",Wetterskip Fryslân,0,3.1,5.7,692.0,T_39TB,382.0,692.0,39TB,0.3152476651214537,2411.7516171519205,2245.1937618601214,1675.3722458851043,9.556130622720357,5658.794999999998,691.3867859805024,0.122179154039067,0.012785421093824,0.2194826594069668,693.0,T_39TV,693.0,39TV,11.9,11.7,3.692833333333331,1.908935483870968,3595.0,3524.0,1000.0,8
387,49,2019,2019,19,47,P_1900384,proefvakken_pov-wadden_-_vak_1_(harlingen)_-,Wetterskip Fryslân,0,3.1,5.5,694.0,T_4B,383.0,694.0,4B,0.324593794081278,2714.8171582037294,2410.879206889118,1816.001267459728,8.834269534280606,4842.129794331572,580.3243684255048,0.119848990645575,0.0135663724296062,0.2104808243015895,,,,,,,,,,,,8
388,51,2019,2019,19,49,P_1900384,"proefvakken_pov-wadden_-_vak_5_(westhoek)_17,4-17,5",Wetterskip Fryslân,0,1.8,5.7,696.0,T_40TB,384.0,696.0,40TB,0.3052942307786759,3008.399519996493,2153.322744983411,1435.3962724925416,10.916705394963872,7529.909999999998,1227.7516989644132,0.1630499831956044,0.0149358233364823,0.3229979001930633,697.0,T_40TV,697.0,40TV,10.2,10.2,2.097483870967742,1.1092857142857142,3543.0,3724.0,13000.0,8
389,52,2019,2019,19,50,P_1900384,"proefvakken_pov-wadden_-_vak_6_(westhoek)_17,6-17,7",Wetterskip Fryslân,0,3.7,6.1,698.0,T_41OB,385.0,698.0,41OB,0.3211817797947205,2479.6736698294485,2404.1062103548525,1850.9817346635448,9.016821667191149,4847.750135229628,584.21136500273,0.1205118557487404,0.0133652255968683,0.192305926820178,699.0,T_41OV,699.0,41OV,12.0,12.2,5.448083333333334,2.789,2876.0,2903.0,175.0,8
390,52,2019,2019,19,50,P_1900384,"proefvakken_pov-wadden_-_vak_6_(westhoek)_17,6-17,7",Wetterskip Fryslân,0,1.6,6.3,700.0,T_42OB,386.0,700.0,42OB,0.3296213297805699,2319.7301170901324,2198.9562132665146,2137.6336657927,8.018724724454563,3720.401096788087,342.0294643852534,0.0919334919776622,0.0114648519729445,0.0253951338860358,701.0,T_42OV,701.0,42OV,4.7,5.8,1.8493351955307304,0.9836888888888904,2985.0,2759.0,126000.0,8
391,52,2019,2019,19,50,P_1900384,"proefvakken_pov-wadden_-_vak_6_(westhoek)_17,6-17,7",Wetterskip Fryslân,0,5.1,6.2,702.0,T_43OB,387.0,702.0,43OB,0.3316874941587516,2133.373890932176,2105.998170574207,2082.66242496675,7.378828406178667,3538.008588761763,294.73241391955213,0.0833046066806477,0.0112896793494875,0.012636619430659,703.0,T_43OV,703.0,43OV,12.2,12.4,3.604629629629629,1.8654285714285703,3619.0,3503.0,700.0,8
392,52,2019,2019,19,50,P_1900384,"proefvakken_pov-wadden_-_vak_6_(westhoek)_17,6-17,7",Wetterskip Fryslân,0,1.3,6.2,704.0,T_44OB,388.0,704.0,44OB,0.3218768631182941,3355.0369420882985,2812.1223555118386,2683.5717737796685,8.322378112323516,3044.669650365675,292.24302788504826,0.0959851351524947,0.0115333783032956,0.0210862769868933,705.0,T_44OV,705.0,44OV,9.7,9.1,3.0124081632653064,1.56656,3991.0,4017.0,6500.0,8
393,52,2019,2019,19,50,P_1900384,"proefvakken_pov-wadden_-_vak_6_(westhoek)_17,6-17,7",Wetterskip Fryslân,0,2.1,6.1,706.0,T_45OB,389.0,706.0,45OB,0.3206439216392515,2770.475758997348,2607.954269385053,2551.9399524706923,9.59426980149586,3731.869958025042,407.5523002517592,0.1092086018097591,0.0113826903004887,0.0189000737959415,707.0,T_45OV,707.0,45OV,8.0,8.0,2.097468354430384,1.108490566037737,3795.0,4257.0,84000.0,8
394,52,2019,2019,19,50,P_1900384,"proefvakken_pov-wadden_-_vak_6_(westhoek)_17,6-17,7",Wetterskip Fryslân,0,2.8,6.3,708.0,T_46OB,390.0,708.0,46OB,0.3176844647523525,2430.7443848440644,2339.117533482189,1977.9000457153568,8.370432493609313,4200.738827444958,441.77445699748864,0.1051658946543439,0.0125639738131376,0.1224103305373658,709.0,T_46OV,709.0,46OV,13.1,14.2,4.864565217391304,2.497375,3898.0,3769.0,450.0,8
395,52,2019,2019,19,50,P_1900384,"proefvakken_pov-wadden_-_vak_6_(westhoek)_17,6-17,7",Wetterskip Fryslân,0,2.6,6.2,710.0,T_47OB,391.0,710.0,47OB,0.3230263957606067,2295.7775628634336,2306.676789593056,2172.5429136919765,9.577808746955574,4401.586650809806,488.1449576036948,0.1109020442693967,0.011579062309492,0.0404647214807937,711.0,T_47OV,711.0,47OV,8.9,9.0,3.4960243902439023,1.8087857142857144,4070.0,4312.0,2500.0,8
396,52,2019,2019,19,50,P_1900384,"proefvakken_pov-wadden_-_vak_6_(westhoek)_17,6-17,7",Wetterskip Fryslân,0,2.0,6.2,712.0,T_48OB,392.0,712.0,48OB,0.3208720991740215,4081.3689937715462,3682.2405730532655,3241.82324725883,9.642316975484306,2906.580000000001,350.8353348067582,0.1207038288320838,0.0125181353339632,0.0965931826097327,713.0,T_48OV,713.0,48OV,10.1,10.2,4.580799999999998,2.354387096774193,4215.0,4130.0,1000.0,8
397,53,2019,2019,19,51,P_1900384,"proefvakken_pov-wadden_-_vak_7_(westhoek)_17,8-17,9",Wetterskip Fryslân,0,2.2,5.9,714.0,T_49B,393.0,714.0,49B,0.3070897309801377,2416.704126839412,2380.1219511972336,1828.0241024286709,10.224020987671611,5578.464225945081,762.0931235061223,0.1366134284704517,0.0133620058717782,0.19709375074685,715.0,T_49V,715.0,49V,14.6,15.1,4.774642857142857,2.4578,2988.0,3000.0,225.0,8
398,49,2019,2019,19,47,P_1900384,proefvakken_pov-wadden_-_vak_1_(harlingen)_-,Wetterskip Fryslân,0,2.7,5.6,716.0,T_5B,394.0,716.0,5B,0.3090028906709425,2859.7683439632874,2762.805116318228,2058.539624009189,10.829351252698778,5251.663755200572,774.570852324848,0.1474905645963743,0.0136195198728657,0.2163973854242087,,,,,,,,,,,,8
399,53,2019,2019,19,51,P_1900384,"proefvakken_pov-wadden_-_vak_7_(westhoek)_17,8-17,9",Wetterskip Fryslân,0,2.9,5.9,718.0,T_50B,395.0,718.0,50B,0.315773137032699,3113.388807764424,1938.4901779578447,1249.3691256941124,11.527116832847875,9188.475000000004,1631.5518207799385,0.177565028013891,0.0154041145404112,0.3806791333141996,719.0,T_50V,719.0,50V,9.5,10.1,2.574695652173913,1.3473191489361704,2626.0,2560.0,5000.0,8
400,53,2019,2019,19,51,P_1900384,"proefvakken_pov-wadden_-_vak_7_(westhoek)_17,8-17,9",Wetterskip Fryslân,0,4.3,5.7,720.0,T_51B,396.0,720.0,51B,0.3104725772150224,3004.9844141131284,2061.611297855369,1429.066128928171,9.61781511694464,6677.324999999999,944.6805611223656,0.1414758995739111,0.0147097753339694,0.3082886460315824,721.0,T_51V,721.0,51V,8.5,8.3,2.9370975609756105,1.528880952380952,2537.0,2610.0,2500.0,8
401,53,2019,2019,19,51,P_1900384,"proefvakken_pov-wadden_-_vak_7_(westhoek)_17,8-17,9",Wetterskip Fryslân,0,1.9,6.1,722.0,T_52B,397.0,722.0,52B,0.3164179665367687,2696.3039699623528,1977.693999456585,1415.7612130404063,11.02373973966634,7733.624999999999,1200.829479975468,0.1552738179024025,0.0140854030999739,0.2590876317563946,723.0,T_52V,723.0,52V,14.3,13.3,3.282777777777776,1.7034864864864867,3636.0,3360.0,1600.0,8
402,53,2019,2019,19,51,P_1900384,"proefvakken_pov-wadden_-_vak_7_(westhoek)_17,8-17,9",Wetterskip Fryslân,0,2.1,5.9,724.0,T_53B,398.0,724.0,53B,0.3154992858296244,2217.278899809135,2350.2870233620565,1790.7923506422278,9.344495637682584,5152.500000000001,655.8788950790128,0.1272933323782654,0.0136222796086439,0.1986110893830734,725.0,T_53V,725.0,53V,14.4,14.9,3.773594594594594,1.9498421052631572,3235.0,3402.0,1700.0,8
403,53,2019,2019,19,51,P_1900384,"proefvakken_pov-wadden_-_vak_7_(westhoek)_17,8-17,9",Wetterskip Fryslân,0,2.1,5.9,726.0,T_54B,399.0,726.0,54B,0.3142208222958901,2073.7834676041048,1723.7643671620906,1092.9234981499903,9.685559769589338,8841.773199856541,1319.0668717550193,0.1491857845637141,0.0154029078455668,0.3721322847014983,727.0,T_54V,727.0,54V,12.6,13.8,4.826357142857143,2.4758666666666667,2500.0,2525.0,225.0,8
404,53,2019,2019,19,51,P_1900384,"proefvakken_pov-wadden_-_vak_7_(westhoek)_17,8-17,9",Wetterskip Fryslân,0,2.2,5.7,728.0,T_55B,400.0,728.0,55B,0.3193515643961441,1923.5168243232456,1700.9938220009435,1250.5472283542474,11.224182843726645,8965.299821679262,1386.125740534099,0.1546100819943875,0.0137747294522025,0.2260187950849761,729.0,T_55V,729.0,55V,8.7,9.4,1.6370703125000003,0.8784108527131786,2531.0,2357.0,46000.0,8
405,53,2019,2019,19,51,P_1900384,"proefvakken_pov-wadden_-_vak_7_(westhoek)_17,8-17,9",Wetterskip Fryslân,0,3.8,6.1,730.0,T_56B,401.0,730.0,56B,0.315113592247581,2364.443143022186,1701.9765091909778,1057.781864002081,9.40393992753518,8852.669999999998,1317.804693707701,0.1488595749878512,0.0158294902067572,0.4129920702529037,731.0,T_56V,731.0,56V,12.3,12.6,1.408450819672132,0.76429268292683,3740.0,3206.0,43000.0,8
406,49,2019,2019,19,47,P_1900384,proefvakken_pov-wadden_-_vak_1_(harlingen)_-,Wetterskip Fryslân,0,5.6,5.2,732.0,T_6B,402.0,732.0,6B,0.3205884880751387,2373.6783167482936,2203.7233687835646,1551.6264385103932,7.494378674909491,4829.602045454544,510.0849078242689,0.1056163433391667,0.0140927417629377,0.2733214881550476,,,,,,,,,,,,8
407,49,2019,2019,19,47,P_1900384,proefvakken_pov-wadden_-_vak_1_(harlingen)_-,Wetterskip Fryslân,0,2.6,5.43,734.0,T_7B,403.0,734.0,7B,0.3174590294554499,2053.5587016082504,1904.2764854124644,1414.2788074408888,8.087505882189681,5720.447484990225,627.666484237247,0.1097233190033068,0.0135670156660954,0.2185990764626403,,,,,,,,,,,,8
408,49,2019,2019,19,47,P_1900384,proefvakken_pov-wadden_-_vak_1_(harlingen)_-,Wetterskip Fryslân,0,3.5,5.5,736.0,T_8B,404.0,736.0,8B,0.3182815395400114,2666.554256969167,1874.530396600154,1135.10701713455,8.658641730983032,7529.759999999999,1041.791158572499,0.1383564892602817,0.0159790061257764,0.42240410262658,,,,,,,,,,,,8
409,54,1970,2019,20,52,P_1901142,eemshavendijk_,Groningen Seaports,49,2.9,7.2,738.0,T_1B,405.0,738.0,1B,0.3253241426244255,1464.1486437144786,1083.7670496779217,672.0150403396669,8.247927678527557,12266.594779928577,1566.8840142815734,0.127735858434438,0.015487024548843,0.4013979391496434,739.0,T_1M,739.0,1M,16.4,16.4,3.8367777777777774,1.9826,2349.0,2349.0,100.0,8
410,55,1970,2019,20,53,P_1901142,havendam_oost_(buitenzijde/zeezijde)_,Groningen Seaports,49,1.1,7.1,740.0,T_10B,406.0,740.0,10B,0.3383468927401775,2321.2674993041646,2158.534306388856,1643.8680842325764,5.336784858099373,3208.9049999999997,233.9697625924177,0.0729126485802533,0.0136622799155183,0.2081392838488285,741.0,T_10M,741.0,10M,10.4,11.0,3.197448979591837,1.6598399999999995,2879.0,2584.0,6500.0,4
411,55,1970,2019,20,53,P_1901142,havendam_oost_(buitenzijde/zeezijde)_,Groningen Seaports,49,4.0,7.1,742.0,T_11B,407.0,742.0,11B,0.3331179520942413,2106.3442255237387,2125.797697962832,1985.5279658219224,4.562037976432738,2286.514523473575,124.12126705244864,0.0542840492715912,0.0118990787783924,0.0509568624336499,743.0,T_11M,743.0,11M,7.8,7.8,2.847363636363637,1.4871739130434785,2678.0,2613.0,425.0,4
412,55,1970,2019,20,53,P_1901142,havendam_oost_(buitenzijde/zeezijde)_,Groningen Seaports,49,0.7,7.1,744.0,T_12B,408.0,744.0,12B,0.3384179434803417,1787.6474630444493,1787.2558454765217,1662.1232773008762,5.6388466245055815,3368.455686500988,226.15786112086164,0.0671399246922511,0.0119066768726198,0.0682273288918167,745.0,T_12M,745.0,12M,9.0,7.8,1.6349494949494952,0.8768299999999997,2091.0,2238.0,31500.0,4
413,56,1970,2019,20,54,P_1901142,havendam_west_(buitenzijde/zeezijde)_,Groningen Seaports,49,5.2,6.6,746.0,T_13B,409.0,746.0,13B,0.3329652640650638,1829.359877367723,1797.082094192994,1743.2884408974978,4.261072132054259,2417.9426009558183,120.31482949978512,0.0497591751980482,0.0116776186030109,0.0355468566400282,747.0,T_13M,747.0,13M,5.7,5.3,1.647486486486487,0.8838684210526316,1940.0,2077.0,1700.0,4
414,56,1970,2019,20,54,P_1901142,havendam_west_(buitenzijde/zeezijde)_,Groningen Seaports,49,0.5,6.6,748.0,T_14B,410.0,748.0,14B,0.3292555689247654,2175.002443202954,2243.508104229747,2058.4746532512404,5.913585983860164,2842.56,202.27364436565583,0.0711589709155324,0.0120331337211879,0.0737126061682582,749.0,T_14M,749.0,14M,8.9,8.9,2.8254799999999998,1.4735384615384617,2236.0,2324.0,500.0,4
415,56,1970,2019,20,54,P_1901142,havendam_west_(buitenzijde/zeezijde)_,Groningen Seaports,49,4.8,6.6,750.0,T_15B,411.0,750.0,15B,0.3406409155737053,1153.3471781089022,1006.9395534114376,1045.0204848979342,2.40169696969697,2277.981139009472,65.83637236803435,0.0289011929206146,0.0120336550719224,0.0627521212374938,751.0,T_15M,751.0,15M,7.1,7.3,1.2840625,0.7045294117647058,1706.0,1702.0,275.0,4
416,56,1970,2019,20,54,P_1901142,havendam_west_(buitenzijde/zeezijde)_,Groningen Seaports,49,2.3,6.6,753.0,T_16B,412.0,753.0,16B,0.3371294848491428,2230.8137452993246,1931.1508542253669,1505.0536045745769,4.091232364923211,2695.7400000000007,150.24563760198413,0.0557344690519056,0.0136229048073029,0.2086495511995417,754.0,T_16MHH,754.0,16MHH,9.8,9.9,1.7540999999999998,0.9406363636363636,2001.0,1993.0,125.0,4
417,54,1970,2019,20,52,P_1901142,eemshavendijk_,Groningen Seaports,49,2.6,7.2,756.0,T_2B,413.0,756.0,2B,0.3210091869400039,1752.5993466571715,1631.808476897727,1128.9675889704754,7.197134013513996,6363.659122259266,660.4476881347399,0.1037842655375078,0.0144202213468073,0.2852558124968544,757.0,T_2M,757.0,2M,9.5,9.7,1.8864090909090916,1.003776119402985,2113.0,2010.0,15000.0,8
418,54,1970,2019,20,52,P_1901142,eemshavendijk_,Groningen Seaports,49,2.9,7.2,758.0,T_3B,414.0,758.0,3B,0.3290512396254639,1766.220978880333,1749.7441167877078,1604.4686292563283,6.948849866225149,4329.604432171213,356.49955123697333,0.082339982051939,0.0118494403587782,0.066121912908383,759.0,T_3M,759.0,3M,8.3,8.2,2.5740243902439026,1.3471428571428574,2082.0,2300.0,2500.0,8
419,54,1970,2019,20,52,P_1901142,eemshavendijk_,Groningen Seaports,49,2.8,7.2,760.0,T_4B,415.0,760.0,4B,0.3365009327025037,1547.546430609034,1524.187136600071,1300.3942988452486,4.073403375434944,3086.705428958642,158.83721292960325,0.0514584940433366,0.0126328009530463,0.1203532707969801,761.0,T_4M,761.0,4M,8.5,8.0,1.2152972972972982,0.6694266666666661,1711.0,1786.0,19000.0,8
420,54,1970,2019,20,52,P_1901142,eemshavendijk_,Groningen Seaports,49,7.3,6.6,762.0,T_5B,416.0,762.0,5B,0.3334214879271126,1502.1696620539242,1922.9858512294968,1703.3527410763018,3.592779735587779,2063.88,92.45088524922652,0.0447946999095037,0.0124679783360488,0.0936466117643963,763.0,T_5M,763.0,5M,7.4,7.7,1.764571428571428,0.9450666666666666,2307.0,2262.0,225.0,8
421,54,1970,2019,20,52,P_1901142,eemshavendijk_,Groningen Seaports,49,3.1,6.6,764.0,T_6B,417.0,764.0,6B,0.3404951099965491,1270.0265217948288,964.3151733882436,604.998783543281,5.086202705931728,8379.933798002778,668.4147351545238,0.0797637250205759,0.0156823724165677,0.3957540519537245,765.0,T_6M,765.0,6M,16.8,15.7,3.1480370370370374,1.6347500000000004,2286.0,2181.0,700.0,8
422,54,1970,2019,20,52,P_1901142,eemshavendijk_,Groningen Seaports,49,1.7,6.6,766.0,T_7B,418.0,766.0,7B,0.3388412189953831,1264.471529919928,1265.7972055960888,962.9248358683964,6.4868546351068845,6693.622488672975,581.4647501125982,0.0868684708611158,0.0133914625419511,0.1975398047447692,767.0,T_7M,767.0,7M,14.0,14.1,3.8527,1.995363636363636,2840.0,2808.0,125.0,8
423,54,1970,2019,20,52,P_1901142,eemshavendijk_,Groningen Seaports,49,4.0,6.6,768.0,T_8B,419.0,768.0,8B,0.3298410115892571,1962.1377888595664,2224.910458832152,2060.7715524494943,4.95936439471387,2370.008468872422,141.90799134523516,0.0598765756363523,0.0120734374147167,0.0679878985940737,769.0,T_8M,769.0,8M,5.0,5.4,1.9817,1.0499120879120878,2651.0,2447.0,27000.0,8
424,55,1970,2019,20,53,P_1901142,havendam_oost_(buitenzijde/zeezijde)_,Groningen Seaports,49,0.8,7.1,770.0,T_9B,420.0,770.0,9B,0.3380202327871329,1701.6711140431237,1851.837781428466,1556.019970659699,5.44088797433296,3492.7994100791607,237.93302597974125,0.0681210106979343,0.0125202009339818,0.1233331310316029,771.0,T_9M,771.0,9M,7.7,8.2,1.9698,1.044156862745098,2296.0,2409.0,7000.0,4
425,57,1964,2020,21,55,P_1903808,"westhavendam_breskens_0-0,35",Waterschap Scheldestromen,56,8.5,,772.0,T_1B,421.0,772.0,1B,0.3393561871705525,1173.019297588206,1752.170430889721,1719.455717717464,3.905933243018653,2245.32,99.01457379310312,0.0440982015005002,0.0112900550922932,0.0003754246221626,773.0,T_1A,773.0,1A,9.6,8.2,0.9323904109589044,0.524789115646259,1922.0,1926.0,60000.0,8
426,57,1964,2020,21,55,P_1903808,"westhavendam_breskens_0-0,35",Waterschap Scheldestromen,56,4.4,,774.0,T_2B,422.0,774.0,2B,0.3308235977335905,3433.1355723749566,3252.552554605517,3134.808375831048,5.437873719344724,1696.8000000000002,111.21659596825236,0.0655449056861458,0.0120534070978838,0.0632263029574425,775.0,T_2A,775.0,2A,3.4,3.6,1.621542483660135,0.8695584415584414,2502.0,2507.0,74000.0,8
427,57,1964,2020,21,55,P_1903808,"westhavendam_breskens_0-0,35",Waterschap Scheldestromen,56,6.6,5.3,776.0,T_3B,423.0,776.0,3B,0.3249068532806161,3524.134756796236,2939.478533005773,2814.704382279082,5.639992053035533,1973.4,129.90802278104417,0.0658295443301126,0.0116719214692301,0.0386620593154168,777.0,T_3A,777.0,3A,4.7,4.5,2.800243902439025,1.4601666666666675,2753.0,2781.0,2500.0,8
428,57,1964,2020,21,55,P_1903808,"westhavendam_breskens_0-0,35",Waterschap Scheldestromen,56,7.1,,778.0,T_4B,424.0,778.0,4B,0.3274069678359988,3293.1756089927626,2666.32693523464,2742.5566471691736,5.183432063149739,1859.76,108.54967079835588,0.0583675693629048,0.0112604098311336,-0.004752802175881,779.0,T_4A,779.0,4A,4.1,4.4,3.034347826086956,1.5814166666666667,2759.0,2706.0,450.0,8
429,57,1964,2020,21,55,P_1903808,"westhavendam_breskens_0-0,35",Waterschap Scheldestromen,56,8.5,,780.0,T_5B,425.0,780.0,5B,0.3318820525194497,3996.28044345654,3114.5858308296392,2728.543524768209,3.968393702422884,1416.5250000000003,73.1822413140783,0.0516632190141919,0.0130186727649147,0.141168034549558,781.0,T_5A,781.0,5A,4.3,4.5,1.4004637681159424,0.7591428571428573,1433.0,2038.0,16500.0,8
430,57,1964,2020,21,55,P_1903808,"westhavendam_breskens_0-0,35",Waterschap Scheldestromen,56,7.7,,782.0,T_6B,426.0,782.0,6B,0.3244546784794297,3670.2442162224343,3126.1419422866406,2843.749217288529,4.901713650855891,1655.64,102.78646972168052,0.0620826204499048,0.0126654931054702,0.0927304327848269,783.0,T_6A,783.0,6A,4.9,4.7,2.786166666666667,1.481428571428571,2050.0,2076.0,70.0,8
431,57,1964,2020,21,55,P_1903808,"westhavendam_breskens_0-0,35",Waterschap Scheldestromen,56,5.2,6.3,784.0,T_7B,427.0,784.0,7B,0.3403563835942687,2806.550106056779,1825.879347661759,1449.4691162407128,2.7778713245474207,1840.7250000000004,72.02329176933696,0.0391276761978768,0.0140854890765149,0.2200033822872221,785.0,T_7A,785.0,7A,7.5,7.9,1.399166666666667,0.7625384615384616,1890.0,1829.0,175.0,8
432,57,1964,2020,21,55,P_1903808,"westhavendam_breskens_0-0,35",Waterschap Scheldestromen,56,3.5,,786.0,T_8B,428.0,786.0,8B,0.3394971918977444,3472.052385391287,2413.2567292926856,2094.6240937676826,5.236036578395766,2477.0250000000005,162.80007620253372,0.065724034356752,0.0125522488952681,0.1172200617966819,787.0,T_8A,787.0,8A,9.0,9.5,2.0846739130434786,1.101531914893617,2202.0,2229.0,5000.0,8
433,58,1970,2020,22,56,P_1903877,"oostpolder_(dijkvak_50)_37,2-38,5",Waterschap Noorderzijlvest,50,1.6,,788.0,T_1B,429.0,788.0,1B,0.3319412800516354,1157.4711620081646,1108.4748611348855,777.3199744399467,7.9873785363404926,10270.76841542803,1150.9016308424646,0.1120560394598772,0.0140291384651486,0.259517735465767,789.0,T_1AHH,789.0,1AHH,18.1,16.7,1.5327560975609755,0.8269999999999997,3416.0,3414.0,2500.0,8
434,59,1970,2020,22,57,P_1903877,"eemshaven_(dijkvak_49)_38,5-41,75",Waterschap Noorderzijlvest,50,4.2,,790.0,T_10B,430.0,790.0,10B,0.3167504618844283,2336.911855097044,2222.5120818248784,1983.560820675303,7.738209084566582,3864.7264259896615,364.08613005228017,0.0942074780775839,0.0121743257448904,0.0876158134391592,791.0,T_10A,791.0,10A,7.5,7.4,2.8080645161290327,1.4655625000000003,2000.0,2243.0,1100.0,8
435,59,1970,2020,22,57,P_1903877,"eemshaven_(dijkvak_49)_38,5-41,75",Waterschap Noorderzijlvest,50,3.4,7.3,792.0,T_11B,431.0,792.0,11B,0.3412287321313493,1288.5800448199484,1782.111361648134,1584.6711598187755,4.741238762879934,2950.094999999999,168.5529001811509,0.0571347364004043,0.0120505925260974,0.0715156244926644,793.0,T_11A,793.0,11A,10.7,10.8,2.2417249999999997,1.1821707317073171,2193.0,2074.0,2000.0,8
436,59,1970,2020,22,57,P_1903877,"eemshaven_(dijkvak_49)_38,5-41,75",Waterschap Noorderzijlvest,50,5.5,,794.0,T_12B,432.0,794.0,12B,0.3350814314355314,1603.0795314882714,2358.8648518505624,2138.589154432982,4.41966181128006,2014.0199999999995,107.60304262665984,0.0534269980569507,0.0120884810508785,0.0581575924414547,795.0,T_12AH,795.0,12AH,11.8,10.9,2.3099787234042557,1.215645833333333,2324.0,2164.0,5500.0,8
437,59,1970,2020,22,57,P_1903877,"eemshaven_(dijkvak_49)_38,5-41,75",Waterschap Noorderzijlvest,50,6.2,,796.0,T_13B,433.0,796.0,13B,0.3287102802729039,1503.3490205398496,1400.6124357255394,1245.385718404437,5.023481306066162,3958.123078816442,249.15284269991253,0.0629472196135988,0.0125305969662087,0.1022478570645247,797.0,T_13A,797.0,13A,7.0,7.3,2.622466666666666,1.3750625,2360.0,2295.0,250.0,8
438,59,1970,2020,22,57,P_1903877,"eemshaven_(dijkvak_49)_38,5-41,75",Waterschap Noorderzijlvest,50,3.2,,798.0,T_14B,434.0,798.0,14B,0.3151614113811355,2923.6899319303407,2708.1595721214017,2401.021209053856,5.6158685569165145,2271.044999999999,160.4686388493814,0.0706585025172911,0.012581936667707,0.0951444660305134,799.0,T_14A,799.0,14A,5.0,5.6,1.8690199999999992,0.9938627450980392,2528.0,2425.0,7000.0,8
439,59,1970,2020,22,57,P_1903877,"eemshaven_(dijkvak_49)_38,5-41,75",Waterschap Noorderzijlvest,50,4.9,,800.0,T_15B,435.0,800.0,15B,0.3373539883002452,1355.312929419112,1328.5489095778596,1132.2608861000183,4.1868,3668.109375000001,191.83819310652223,0.0522989293650825,0.0124913846768612,0.1152177126279768,801.0,T_15A,801.0,15A,7.2,7.4,1.0691111111111118,0.5949782608695652,1992.0,1919.0,4500.0,8
440,59,1970,2020,22,57,P_1903877,"eemshaven_(dijkvak_49)_38,5-41,75",Waterschap Noorderzijlvest,50,8.6,7.1,802.0,T_16B,436.0,802.0,16B,0.3375823248625512,1861.0579194733127,1867.699273812766,1773.8957703449412,4.7382090115747815,2662.4292414049496,145.75700524368855,0.0547458700411408,0.0115541272888984,0.0385661580038632,803.0,T_16A,803.0,16A,5.5,5.6,1.4270983606557384,0.7742580645161296,2271.0,2135.0,12500.0,8
441,60,1970,2020,22,58,P_1903877,"eemshaven_(dijkvak_48)_0,65-2,10",Waterschap Noorderzijlvest,50,8.5,,804.0,T_17B,437.0,804.0,17B,0.3343187101330686,2060.145635622109,1938.8370049175885,1933.2104480959988,4.416974484909914,2271.5333003952574,113.65539452854094,0.0500346591919935,0.0113278125927444,0.0176272668774776,805.0,T_17A,805.0,17A,7.0,7.8,2.594296296296297,1.3601785714285717,2332.0,2224.0,700.0,8
442,60,1970,2020,22,58,P_1903877,"eemshaven_(dijkvak_48)_0,65-2,10",Waterschap Noorderzijlvest,50,10.0,,806.0,T_18B,438.0,806.0,18B,0.3318451394714441,2056.484952872218,1790.5674153117463,1403.6859876334051,2.658293504950204,1871.16,65.80894716701276,0.0351701335893311,0.0132303425200558,0.1788426077281845,807.0,T_18A,807.0,18A,6.8,6.8,1.1916176470588236,0.6568,1335.0,1281.0,1400.0,8
443,60,1970,2020,22,58,P_1903877,"eemshaven_(dijkvak_48)_0,65-2,10",Waterschap Noorderzijlvest,50,4.7,,808.0,T_19B,439.0,808.0,19B,0.3424982912283631,1172.927769564349,824.3826120134054,547.6724339641954,4.946229651569044,8955.914999999999,668.2024155682941,0.0746101783646109,0.0150842527784659,0.3435700931142801,809.0,T_19A,809.0,19A,14.5,13.1,1.996121951219512,1.059,1753.0,1872.0,2500.0,8
444,58,1970,2020,22,56,P_1903877,"oostpolder_(dijkvak_50)_37,2-38,5",Waterschap Noorderzijlvest,50,1.5,,810.0,T_2B,440.0,810.0,2B,0.3278793949786618,1975.5382208258825,1471.2156355738862,1310.1377211094807,5.493892215568862,4125.734999999999,287.3103109346782,0.0696385761409005,0.0126756356711104,0.1246519082913713,811.0,T_2AHH,811.0,2AHH,6.4,6.2,1.6642315789473687,0.8927187500000003,2874.0,2763.0,29500.0,8
445,60,1970,2020,22,58,P_1903877,"eemshaven_(dijkvak_48)_0,65-2,10",Waterschap Noorderzijlvest,50,6.7,,812.0,T_20B,441.0,812.0,20B,0.3358186826071192,2639.108565208482,1869.2715615746056,1455.9292768360474,3.6872864865149726,2449.44,124.220226879005,0.0507137251286028,0.0137536709756813,0.1995653007806112,813.0,T_20A,813.0,20A,6.0,6.9,1.176929203539824,0.6476140350877199,2354.0,2247.0,38500.0,8
446,60,1970,2020,22,58,P_1903877,"eemshaven_(dijkvak_48)_0,65-2,10",Waterschap Noorderzijlvest,50,1.6,6.3,814.0,T_21B,442.0,814.0,21B,0.3160216968670859,2272.407674059098,1918.3735267468571,1726.0895264120768,6.995193566975745,3999.600000000001,339.79365729921057,0.0849569100158041,0.0121450406200173,0.0808924001740373,815.0,T_21A,815.0,21A,10.2,11.2,2.806947368421053,1.465205128205129,2506.0,2631.0,1800.0,8
447,60,1970,2020,22,58,P_1903877,"eemshaven_(dijkvak_48)_0,65-2,10",Waterschap Noorderzijlvest,50,3.3,,816.0,T_22B,443.0,816.0,22B,0.3330444260482943,2717.567792911817,2215.766050923609,2005.57786659486,4.645768776744872,2250.9994216242326,129.69128402741404,0.0576149788318621,0.0124016027487771,0.08031604574398,817.0,T_22A,817.0,22A,6.6,6.8,2.806592592592592,1.4653571428571437,2531.0,2583.0,700.0,8
448,60,1970,2020,22,58,P_1903877,"eemshaven_(dijkvak_48)_0,65-2,10",Waterschap Noorderzijlvest,50,5.3,7.1,818.0,T_23B,444.0,818.0,23B,0.3309426193722261,1613.9785429525434,1443.3499241222885,1320.7635973981205,4.275942730941535,3170.031470279287,168.36664500430123,0.0531119790395859,0.0124211156186114,0.0967917268502635,819.0,T_23A,819.0,23A,5.5,5.8,1.4109651162790715,0.7649540229885059,2435.0,2357.0,25000.0,8
449,60,1970,2020,22,58,P_1903877,"eemshaven_(dijkvak_48)_0,65-2,10",Waterschap Noorderzijlvest,50,3.9,,820.0,T_24B,445.0,820.0,24B,0.3303304652245302,1726.0863147808886,1566.2482333791852,1440.1743347216643,5.23917128579827,3610.988776796584,230.5590311479335,0.0638492793523632,0.0121869043536405,0.0887157873908898,821.0,T_24A,821.0,24A,6.1,6.4,1.4105674157303376,0.7645083798882685,1791.0,2143.0,124000.0,8
450,58,1970,2020,22,56,P_1903877,"oostpolder_(dijkvak_50)_37,2-38,5",Waterschap Noorderzijlvest,50,4.0,,822.0,T_3B,446.0,822.0,3B,0.342756453284507,1337.986255317677,1327.412792815231,1141.2311225086912,2.5475293247721518,2230.0188609389165,71.6209066008795,0.0321167268382315,0.0126070096724417,0.1312180955824152,823.0,T_3A,823.0,3A,10.1,8.9,1.185921568627451,0.6533461538461539,2428.0,2446.0,7500.0,8
451,58,1970,2020,22,56,P_1903877,"oostpolder_(dijkvak_50)_37,2-38,5",Waterschap Noorderzijlvest,50,1.8,,824.0,T_4B,447.0,824.0,4B,0.3377777621054899,1954.5467016602051,1815.3457750938048,1224.104975153973,6.547201854620926,5328.79773732849,506.9811155685867,0.0951398684204429,0.014531378523681,0.3029912333440634,825.0,T_4A,825.0,4A,11.7,12.3,3.899250000000001,2.012621621621621,2684.0,2820.0,1600.0,8
452,58,1970,2020,22,56,P_1903877,"oostpolder_(dijkvak_50)_37,2-38,5",Waterschap Noorderzijlvest,50,1.0,,826.0,T_5B,448.0,826.0,5B,0.333920429544317,1707.830855802869,1778.5734696371749,1553.6277343578288,7.428239999999999,4782.1589191806725,433.0590279946588,0.09055722223235,0.01219093920395,0.0971845283555059,827.0,T_5A,827.0,5A,14.3,15.8,4.356846153846152,2.2400370370370366,2070.0,2456.0,600.0,8
453,58,1970,2020,22,56,P_1903877,"oostpolder_(dijkvak_50)_37,2-38,5",Waterschap Noorderzijlvest,50,3.2,6.6,828.0,T_6B,449.0,828.0,6B,0.3261129655188923,1498.2746340365477,1184.5889025843403,765.5225765422093,9.73299825009906,12673.682684121277,1858.5822156589188,0.1466489466386527,0.015067191308409,0.3490343498002624,829.0,T_6AH,829.0,6AH,9.0,10.7,1.1978620689655162,0.6598068181818176,2503.0,2342.0,25500.0,8
454,58,1970,2020,22,56,P_1903877,"oostpolder_(dijkvak_50)_37,2-38,5",Waterschap Noorderzijlvest,50,1.8,6.6,830.0,T_7B,450.0,830.0,7B,0.3222552509608903,2086.613132113218,1353.3763829808977,896.858150369072,8.910133258031166,9889.739999999998,1329.546387337277,0.1344369404390082,0.0150880953792507,0.3490727594552893,831.0,T_7A,831.0,7A,14.6,13.3,2.3640243902439027,1.2430238095238095,2625.0,2455.0,2500.0,8
455,58,1970,2020,22,56,P_1903877,"oostpolder_(dijkvak_50)_37,2-38,5",Waterschap Noorderzijlvest,50,1.9,,832.0,T_8B,451.0,832.0,8B,0.3345229850890358,3760.33857484813,2749.848040933478,2002.310071926386,5.729410039810162,2823.750000000001,232.08906640396955,0.0821917897844956,0.0143455939116584,0.2766583929418731,833.0,T_8A,833.0,8A,15.1,13.5,1.9097073170731695,1.0162142857142855,3695.0,3639.0,2500.0,8
456,59,1970,2020,22,57,P_1903877,"eemshaven_(dijkvak_49)_38,5-41,75",Waterschap Noorderzijlvest,50,4.0,,834.0,T_9B,452.0,834.0,9B,0.3393562220739799,1372.1681482919748,1808.8871807585867,1457.437564079857,5.412681500013508,3651.779999999999,253.2913018516265,0.0693610518299641,0.0128145452175213,0.1385656012083844,835.0,T_9A,835.0,9A,7.1,8.0,1.071078014184396,0.5954295774647879,2073.0,2068.0,55000.0,8
457,61,1985,2020,23,59,P_2000204,"waterkering_schiermonnikoog_0,20-4,05",Wetterskip Fryslân,35,2.0,6.2,836.0,T_1B,453.0,836.0,1B,0.3317601101195802,2086.268108615797,1211.5463711188063,734.614276019222,8.35488,11368.419579205329,1541.3417353917189,0.1355810035557696,0.0162277619254578,0.4598752454037267,837.0,T_1A,837.0,1A,15.7,15.6,3.834303030303029,1.982264705882353,3019.0,2751.0,1300.0,8
458,61,1985,2020,23,59,P_2000204,"waterkering_schiermonnikoog_0,20-4,05",Wetterskip Fryslân,35,2.7,,838.0,T_2B,454.0,838.0,2B,0.3195532533171885,2248.31761050491,1544.875544899641,1027.9315970600917,7.007923662957179,6742.500000000002,708.731046820988,0.105113985438782,0.0149993051428911,0.337762190069161,839.0,T_2A,839.0,2A,17.4,18.0,4.090541666666666,2.11124,2873.0,2655.0,475.0,8
459,61,1985,2020,23,59,P_2000204,"waterkering_schiermonnikoog_0,20-4,05",Wetterskip Fryslân,35,2.9,,840.0,T_3B,455.0,840.0,3B,0.3402518048855593,2134.444425535711,1505.7898300415698,852.1430818773997,6.044472436957685,7048.080000000001,702.0038653873066,0.0996021420567454,0.0164782192483414,0.4824528996828106,841.0,T_3A,841.0,3A,11.0,10.1,2.4105581395348845,1.2676363636363637,2637.0,2527.0,3500.0,8
460,61,1985,2020,23,59,P_2000204,"waterkering_schiermonnikoog_0,20-4,05",Wetterskip Fryslân,35,2.0,,842.0,T_4B,456.0,842.0,4B,0.3249850973448779,1903.6643289200888,1276.6694217996196,678.5839424077475,5.73064139363343,8385.000000000004,837.5409437481765,0.0998856223909571,0.0174300947363286,0.5669649623937146,843.0,T_4A,843.0,4A,7.7,8.4,1.0938289473684213,0.6085584415584414,2291.0,2094.0,20000.0,8
461,61,1985,2020,23,59,P_2000204,"waterkering_schiermonnikoog_0,20-4,05",Wetterskip Fryslân,35,3.1,6.3,844.0,T_5B,457.0,844.0,5B,0.3207856213261981,3242.7961484647867,2695.896466759337,2518.2879302041624,7.43058628125691,2898.3599999999988,257.9176637163498,0.0889874493563083,0.0119758315142336,0.0608543726437841,845.0,T_5A,845.0,5A,7.8,7.4,1.323952380952381,0.7225088757396438,2492.0,2448.0,104000.0,8
462,61,1985,2020,23,59,P_2000204,"waterkering_schiermonnikoog_0,20-4,05",Wetterskip Fryslân,35,3.5,,846.0,T_6B,458.0,846.0,6B,0.345695655778358,832.9944824741095,338.57893690266656,193.2381125085001,3.77354671287281,19517.06864090337,1287.938519090582,0.0659903668315924,0.0174876242041678,0.5825031489868189,847.0,T_6A,847.0,6A,19.6,20.6,1.8043809523809524,0.9639534883720928,1875.0,1479.0,3000.0,8
463,61,1985,2020,23,59,P_2000204,"waterkering_schiermonnikoog_0,20-4,05",Wetterskip Fryslân,35,3.0,,848.0,T_7B,459.0,848.0,7B,0.3411407247162634,1522.5815236935225,650.9433893548818,357.4796040171591,7.393135784967991,20598.614999999994,2722.063204935717,0.1321478752302384,0.0178744012113136,0.608687908844073,849.0,T_7A,849.0,7A,17.7,17.0,2.6465250000000005,1.385853658536586,2365.0,2129.0,2000.0,8
464,61,1985,2020,23,59,P_2000204,"waterkering_schiermonnikoog_0,20-4,05",Wetterskip Fryslân,35,2.8,,850.0,T_8B,460.0,850.0,8B,0.338245218523209,1800.7058556364634,1316.916313212296,830.7702861074594,6.567887112502629,7838.144999999999,791.717640023145,0.1010082921435039,0.0153791151421017,0.3805457700248402,851.0,T_8A,851.0,8A,16.1,16.1,2.902697674418605,1.511886363636364,2383.0,2282.0,3500.0,8
465,62,2002,2020,24,60,P_2001233,"boulevard_de_ruyter_0-0,83",Waterschap Scheldestromen,18,1.0,,852.0,T_1B,461.0,852.0,1B,0.3294749286829049,3399.632353638978,1908.0677748689457,1164.4325190866286,11.244310016449496,9596.232000000002,1774.3118377487715,0.1848967217287755,0.0164435809274457,0.4561862326420516,,,,,,,,,,,,7
466,63,1989,2020,24,61,P_2001233,"panoramaweg_0-1,28",Waterschap Scheldestromen,31,3.6,,854.0,T_10B,462.0,854.0,10B,0.345288352677323,1648.362797345097,845.7310358583148,499.9521383047497,7.406551951862758,14715.879,1838.818785121332,0.1249547366570037,0.0168708378026805,0.5052667085797089,855.0,T_10A,855.0,10A,15.3,14.1,2.1048139534883714,1.1121590909090906,2218.0,2128.0,3500.0,8
467,63,1989,2020,24,61,P_2001233,"panoramaweg_0-1,28",Waterschap Scheldestromen,31,2.4,,856.0,T_11B,463.0,856.0,11B,0.3352809991364854,2403.5043587510468,1347.7831789627242,841.6709271399552,7.709278123771006,9124.854000000005,1124.7105538524486,0.1232579232338893,0.0159882574289066,0.4335015880560818,857.0,T_11A,857.0,11A,15.2,16.1,3.653066666666668,1.88841935483871,2482.0,2417.0,1000.0,8
468,63,1989,2020,24,61,P_2001233,"panoramaweg_0-1,28",Waterschap Scheldestromen,31,4.6,,858.0,T_12B,464.0,858.0,12B,0.3390120080923183,5173.735148703558,3206.056353053792,2852.4254813151133,6.664541832669323,2270.363724032072,193.21463497848956,0.0851029431686603,0.0127695114391043,0.1212177174335519,859.0,T_12A,859.0,12A,8.6,9.2,3.9352333333333354,2.032838709677419,4087.0,3820.0,1000.0,8
469,63,1989,2020,24,61,P_2001233,"panoramaweg_0-1,28",Waterschap Scheldestromen,31,2.8,5.8,860.0,T_13B,465.0,860.0,13B,0.338581110494318,2446.3368459927465,1838.6544200219985,1726.0891759270746,5.949933789243447,3416.4517958948745,240.6924910418136,0.0704510133381726,0.0118406382043338,0.0646106688819768,861.0,T_13A,861.0,13A,8.2,9.1,2.146544776119404,1.134748148148148,3514.0,4079.0,49000.0,8
470,63,1989,2020,24,61,P_2001233,"panoramaweg_0-1,28",Waterschap Scheldestromen,31,3.3,,862.0,T_14B,466.0,862.0,14B,0.3349214785237761,2516.092279391452,2246.6401759071728,2127.829198198181,6.461069930406869,3025.087499628671,230.96696197874732,0.076350506227373,0.0118170066335383,0.0553425116311621,863.0,T_14A,863.0,14A,9.6,9.1,2.2381818181818187,1.1796723163841811,4125.0,4386.0,42375.0,8
471,63,1989,2020,24,61,P_2001233,"panoramaweg_0-1,28",Waterschap Scheldestromen,31,5.7,,864.0,T_15B,467.0,864.0,15B,0.3344379520853647,3555.637770614964,2803.181394954053,2668.2986710753075,6.929148121201592,2567.194111050017,204.580877834505,0.0796904593049368,0.011500758521975,0.0252936983566821,865.0,T_15A,865.0,15A,7.3,6.8,2.863634615384616,1.4951132075471696,3817.0,3947.0,8000.0,8
472,63,1989,2020,24,61,P_2001233,"panoramaweg_0-1,28",Waterschap Scheldestromen,31,4.6,,866.0,T_16B,468.0,866.0,16B,0.3386341242652381,3046.219410983132,2514.8560805750103,2581.6922368229107,6.481245910460005,2460.228175895487,179.0389075836574,0.0727732936878872,0.0112282876924079,-0.0057223953421601,867.0,T_16A,867.0,16A,6.3,7.3,4.025499999999998,2.0758139534883715,3995.0,4468.0,3000.0,8
473,62,2002,2020,24,60,P_2001233,"boulevard_de_ruyter_0-0,83",Waterschap Scheldestromen,18,2.1,5.8,868.0,T_2B,469.0,868.0,2B,0.3197228298196408,3677.9836016169006,2349.149578474469,1545.6930801866654,11.040062590208152,7032.630000000002,1202.8185236605505,0.1710339551008015,0.0154921182469108,0.3701359762616049,,,,,,,,,,,,7
474,62,2002,2020,24,60,P_2001233,"boulevard_de_ruyter_0-0,83",Waterschap Scheldestromen,18,6.6,6.1,870.0,T_3B,470.0,870.0,3B,0.3303999429982432,2660.78630743484,2117.4006023903708,1652.7683519379082,8.965190208742811,5386.317635034975,643.705850404271,0.1195075920174713,0.0133301791969709,0.1936733255048593,,,,,,,,,,,,7
475,62,2002,2020,24,60,P_2001233,"boulevard_de_ruyter_0-0,83",Waterschap Scheldestromen,18,2.9,6.0,872.0,T_5B,471.0,872.0,5B,0.3254313752784808,4076.400525449728,2635.2459003868776,2090.079367859731,10.42216091207855,4960.082999999999,690.0816467726129,0.1391270361348011,0.0133491544899832,0.1926902393226325,,,,,,,,,,,,7
476,62,2002,2020,24,60,P_2001233,"boulevard_de_ruyter_0-0,83",Waterschap Scheldestromen,18,2.2,,874.0,T_6B,472.0,874.0,6B,0.33175062225023,1875.316277067485,1230.7916724597274,720.7564991523377,9.892668370439498,13693.081499999997,2234.3271002719853,0.1631719712083789,0.0164942324050765,0.4750973044953279,,,,,,,,,,,,7
477,62,2002,2020,24,60,P_2001233,"boulevard_de_ruyter_0-0,83",Waterschap Scheldestromen,18,1.5,,876.0,T_7B,473.0,876.0,7B,0.3362002400418023,1878.9363774473784,1206.8351856426063,744.4497363371665,9.035572562358276,12117.000000000004,1764.716114878193,0.145639689269472,0.0161184792955124,0.4367488341949377,,,,,,,,,,,,7
478,62,2002,2020,24,60,P_2001233,"boulevard_de_ruyter_0-0,83",Waterschap Scheldestromen,18,3.7,,878.0,T_8B,474.0,878.0,8B,0.3364917323580052,1724.841307898879,1302.730412982624,786.422404555529,10.378945232161849,13154.916200903192,2154.706014317888,0.1637947350945457,0.0157814432421307,0.4213688381320036,,,,,,,,,,,,7
479,63,1989,2020,24,61,P_2001233,"panoramaweg_0-1,28",Waterschap Scheldestromen,31,3.1,5.3,880.0,T_9B,475.0,880.0,9B,0.3458814601851906,6673.774847760808,2846.1698677909794,2497.919748036351,5.411618238133353,2136.15,151.1970557966012,0.0707801679641416,0.0130792980675141,0.1652883774383184,881.0,T_9A,881.0,9A,7.6,7.2,2.57355,1.3467560975609756,2864.0,2793.0,2000.0,8
480,64,1986,2020,25,62,P_2001997,"w1-1_&_w1-3_afsluitdijk-harlingen_8,90-7,40 & 6,55-0,0",Wetterskip Fryslân,34,3.2,,882.0,T_1B,476.0,882.0,1B,0.3316228793199974,2292.5756570598387,1707.8765370885471,1201.9274464636155,7.595395785811899,6220.612857864675,680.5983463779896,0.1094101758024555,0.0144048024471394,0.2787038468971246,883.0,T_1A,883.0,1A,11.0,10.8,2.685714285714285,1.40276,2460.0,2561.0,6500.0,8
481,65,1986,2020,25,63,P_2001997,"w1-2_afsluitdijk-harlingen_7,4-6,55",Wetterskip Fryslân,34,3.1,6.8,884.0,T_10B,477.0,884.0,10B,0.3463642609412247,1796.5347911057434,863.699263568634,504.2840274613037,6.414057884334096,12684.568499999998,1386.7197553643523,0.1093233684192215,0.0170443376705777,0.5237384112664514,885.0,T_10A,885.0,10A,17.2,13.8,2.3962745098039213,1.2594807692307697,2331.0,2312.0,7500.0,8
482,65,1986,2020,25,63,P_2001997,"w1-2_afsluitdijk-harlingen_7,4-6,55",Wetterskip Fryslân,34,3.9,,886.0,T_11B,478.0,886.0,11B,0.3466021450012393,3131.9619660475214,1596.7181038634924,1057.0078477715292,5.704671354422945,5374.500000000002,477.90772024773673,0.0889213359843216,0.015587459900802,0.3914570163513898,887.0,T_11A,887.0,11A,15.2,16.9,1.4306599999999992,0.776773333333334,3675.0,3220.0,68000.0,8
483,65,1986,2020,25,63,P_2001997,"w1-2_afsluitdijk-harlingen_7,4-6,55",Wetterskip Fryslân,34,3.6,,888.0,T_12B,479.0,888.0,12B,0.3469192046699915,1993.719275679752,1175.347202530417,730.2848033907404,5.808502754969104,7829.250000000003,739.6367272367231,0.0944709553580129,0.0162642524835155,0.4379941532105678,889.0,T_12A,889.0,12A,16.0,15.2,3.329793103448276,1.7271666666666663,2501.0,2455.0,900.0,8
484,65,1986,2020,25,63,P_2001997,"w1-2_afsluitdijk-harlingen_7,4-6,55",Wetterskip Fryslân,34,4.1,6.6,890.0,T_13B,480.0,890.0,13B,0.3460817779680067,2265.878693623639,1094.454600853138,636.4441756746539,6.314639999999999,9871.500000000004,1055.4677818409575,0.1069207092985825,0.0169321939649105,0.5161794789442662,891.0,T_13A,891.0,13A,19.5,18.2,3.572185185185184,1.851107142857143,3594.0,3381.0,700.0,8
485,65,1986,2020,25,63,P_2001997,"w1-2_afsluitdijk-harlingen_7,4-6,55",Wetterskip Fryslân,34,5.1,,892.0,T_14B,481.0,892.0,14B,0.3474440047333433,2069.829277901599,940.2233317628672,530.3715020990039,5.044354870519592,9432.0765,836.2782212540855,0.088663214431529,0.0175767202560822,0.5656555516977693,893.0,T_14A,893.0,14A,15.7,15.7,2.6056904761904747,1.3639534883720932,2095.0,2013.0,3000.0,8
486,65,1986,2020,25,63,P_2001997,"w1-2_afsluitdijk-harlingen_7,4-6,55",Wetterskip Fryslân,34,2.9,,894.0,T_15B,482.0,894.0,15B,0.3453064401749949,2293.602675398748,1436.5082552673882,973.2135534847832,5.724866442706814,5785.299000000001,503.6680679153399,0.0870599891060669,0.0152073397654502,0.3460598089626047,895.0,T_15A,895.0,15A,19.5,17.4,2.1292765957446806,1.1266874999999998,3365.0,3134.0,5500.0,8
487,65,1986,2020,25,63,P_2001997,"w1-2_afsluitdijk-harlingen_7,4-6,55",Wetterskip Fryslân,34,1.2,,896.0,T_16B,483.0,896.0,16B,0.3429017426255322,2654.182960559335,1444.3309253568498,919.6790527549203,7.314378566863694,7941.138000000002,913.8010124321632,0.1150717960614918,0.0157322724014861,0.4165814879666148,897.0,T_16A,897.0,16A,17.1,15.5,3.089880952380953,1.608,3948.0,4005.0,3000.0,8
488,66,1986,2020,25,64,P_2001997,"w2_&_w3_harlingen-koehool;_aansluiting_nhvdm_-0,6-10,1",Wetterskip Fryslân,34,4.6,6.2,,,,,,,,,,,,,,,,898.0,T_17A,898.0,17A,5.8,6.2,2.848244444444444,1.4851304347826084,2842.0,3006.0,4500.0,10
489,66,1986,2020,25,64,P_2001997,"w2_&_w3_harlingen-koehool;_aansluiting_nhvdm_-0,6-10,1",Wetterskip Fryslân,34,1.8,,,,,,,,,,,,,,,,,899.0,T_18A,899.0,18A,17.0,16.7,3.810374999999999,1.9696969696969695,3379.0,3459.0,1200.0,10
490,66,1986,2020,25,64,P_2001997,"w2_&_w3_harlingen-koehool;_aansluiting_nhvdm_-0,6-10,1",Wetterskip Fryslân,34,2.1,,,,,,,,,,,,,,,,,900.0,T_19A,900.0,19A,18.2,16.6,3.095058823529411,1.6111428571428568,3608.0,3531.0,1400.0,10
491,64,1986,2020,25,62,P_2001997,"w1-1_&_w1-3_afsluitdijk-harlingen_8,90-7,40 & 6,55-0,0",Wetterskip Fryslân,34,3.4,6.4,901.0,T_2B,484.0,901.0,2B,0.3401926465264647,1351.0286656743149,890.4887379266067,537.4220189467025,7.96899319721038,14811.959743853551,1899.7351480233503,0.128256839802152,0.0160944847897535,0.4497838247937299,902.0,T_2A,902.0,2A,14.2,13.8,2.344190476190477,1.232441860465116,2255.0,2161.0,3000.0,8
492,66,1986,2020,25,64,P_2001997,"w2_&_w3_harlingen-koehool;_aansluiting_nhvdm_-0,6-10,1",Wetterskip Fryslân,34,2.1,,,,,,,,,,,,,,,,,903.0,T_20A,903.0,20A,6.2,6.6,2.139738095238093,1.130889763779528,2784.0,2703.0,45000.0,10
493,66,1986,2020,25,64,P_2001997,"w2_&_w3_harlingen-koehool;_aansluiting_nhvdm_-0,6-10,1",Wetterskip Fryslân,34,2.3,6.4,,,,,,,,,,,,,,,,904.0,T_21A,904.0,21A,10.0,12.6,1.311869565217391,0.7170645161290324,2723.0,2497.0,28000.0,10
494,66,1986,2020,25,64,P_2001997,"w2_&_w3_harlingen-koehool;_aansluiting_nhvdm_-0,6-10,1",Wetterskip Fryslân,34,1.2,,,,,,,,,,,,,,,,,905.0,T_22A,905.0,22A,11.2,10.0,3.327575757575756,1.7275588235294117,3964.0,3984.0,1300.0,10
495,66,1986,2020,25,64,P_2001997,"w2_&_w3_harlingen-koehool;_aansluiting_nhvdm_-0,6-10,1",Wetterskip Fryslân,34,1.6,,,,,,,,,,,,,,,,,906.0,T_23A,906.0,23A,10.7,13.0,1.2085354838709623,0.6665176848874603,4061.0,3589.0,152000.0,10
496,66,1986,2020,25,64,P_2001997,"w2_&_w3_harlingen-koehool;_aansluiting_nhvdm_-0,6-10,1",Wetterskip Fryslân,34,1.9,,,,,,,,,,,,,,,,,907.0,T_24A,907.0,24A,8.7,9.2,3.595568181818182,1.8593555555555543,2942.0,3100.0,4000.0,10
497,66,1986,2020,25,64,P_2001997,"w2_&_w3_harlingen-koehool;_aansluiting_nhvdm_-0,6-10,1",Wetterskip Fryslân,34,1.9,6.7,908.0,T_25B,485.0,908.0,25B,0.3292907874888233,3262.9774443586466,1909.20185400844,1340.0274427975328,8.76308802173538,6499.097999999999,821.9752812862727,0.1264752864607169,0.0144327303511063,0.3011692379317559,909.0,T_25A,909.0,25A,8.8,10.0,1.513715909090909,0.8166067415730337,2487.0,2307.0,26000.0,10
498,66,1986,2020,25,64,P_2001997,"w2_&_w3_harlingen-koehool;_aansluiting_nhvdm_-0,6-10,1",Wetterskip Fryslân,34,0.8,,910.0,T_26B,486.0,910.0,26B,0.3306310009035642,3092.3809796981773,1917.4658969939635,1321.1375138936544,8.130883359776641,6083.5335,740.3217225913966,0.1216927173313661,0.0149667277153892,0.326209613201546,911.0,T_26A,911.0,26A,9.1,9.0,1.2804271844660202,0.6998365384615386,2419.0,2423.0,33500.0,10
499,67,1986,2020,25,65,P_2001997,"w2_&_w3_harlingen-koehool;_aansluiting_nhvdm_0,0-10,1",Wetterskip Fryslân,34,1.7,,912.0,T_27B,487.0,912.0,27B,0.343235905399124,3885.052280844649,2527.396334212404,1738.6604305944113,7.367364935392147,4134.563999999999,463.9017522766481,0.1122008879960857,0.0152294462104195,0.3373926350099198,913.0,T_27A,913.0,27A,12.6,13.8,1.28767361111111,0.7044068965517244,4733.0,4203.0,58000.0,1
500,68,1968,2020,25,66,P_2001997,"noorderhavendam_8,90-7,40",Wetterskip Fryslân,52,6.7,6.9,914.0,T_28B,488.0,914.0,28B,0.3248575541125958,6246.034342866167,2793.8064511283537,2404.910404958076,5.614330677865969,2360.2320000000004,169.5354287838945,0.0718299848421233,0.0127940424181473,0.1537530101136489,915.0,T_28A,915.0,28A,7.4,8.0,2.577458333333333,1.3502040816326524,4519.0,4391.0,6000.0,8
501,68,1968,2020,25,66,P_2001997,"noorderhavendam_8,90-7,40",Wetterskip Fryslân,52,6.0,,916.0,T_29B,489.0,916.0,29B,0.3330594691804336,5524.959027626951,2855.889490497446,2077.258835535934,5.189935646680097,2469.84,188.00207190223085,0.0761191299445433,0.0146666808851927,0.2997056143073997,917.0,T_29A,917.0,29A,7.9,8.4,2.8026000000000004,1.461333333333334,2839.0,2685.0,1500.0,8
502,64,1986,2020,25,62,P_2001997,"w1-1_&_w1-3_afsluitdijk-harlingen_8,90-7,40 & 6,55-0,0",Wetterskip Fryslân,34,2.1,,918.0,T_3B,490.0,918.0,3B,0.3366149823297397,2313.321086327489,2176.118546856785,1982.805901878616,5.122943136690303,2570.8981463006194,162.00378458886817,0.0630144701850529,0.0123004430273187,0.1015616348752421,919.0,T_3A,919.0,3A,5.8,5.4,2.1013785714285707,1.1108936170212764,2679.0,2723.0,54000.0,8
503,68,1968,2020,25,66,P_2001997,"noorderhavendam_8,90-7,40",Wetterskip Fryslân,52,10.3,,920.0,T_30B,491.0,920.0,30B,0.3549134260546361,8466.0071463113,3288.819823741745,2302.279532527538,1.9728555633363023,753.7530000000002,28.019749406184086,0.0371736489356381,0.0188425598034017,0.4828136191157146,921.0,T_30A,921.0,30A,8.5,7.3,0.4726976744186046,0.2968636363636363,1416.0,1348.0,3500.0,8
504,68,1968,2020,25,66,P_2001997,"noorderhavendam_8,90-7,40",Wetterskip Fryslân,52,7.2,,922.0,T_31B,492.0,922.0,31B,0.3378945443145881,4942.802086912833,2589.788737325805,2259.518993113178,5.593001360721953,2417.436370488885,177.15991226976303,0.0732842090209536,0.0131028412643715,0.1493964313103043,923.0,T_31A,923.0,31A,7.3,8.2,2.58234375,1.3541818181818182,3527.0,3718.0,1200.0,8
505,68,1968,2020,25,66,P_2001997,"noorderhavendam_8,90-7,40",Wetterskip Fryslân,52,8.9,,924.0,T_32B,493.0,924.0,32B,0.3379007252554991,2628.03547573201,1711.6008545064565,1821.693719473132,3.972827085410085,2068.7325000000005,95.48610972381807,0.0461568181114852,0.0116181291355449,-0.0021933247116223,925.0,T_32A,925.0,32A,6.4,6.8,2.1350384615384623,1.1282222222222222,1989.0,1997.0,600.0,8
506,68,1968,2020,25,66,P_2001997,"noorderhavendam_8,90-7,40",Wetterskip Fryslân,52,5.5,6.5,926.0,T_33B,494.0,926.0,33B,0.329578575272027,3530.696689873312,2620.1471494624893,2739.3619947142943,6.177666723655953,2200.7160000000003,152.60112476973902,0.0693415800901792,0.0112245582664166,-0.0141729734433489,927.0,T_33A,927.0,33A,10.4,9.3,2.812674418604651,1.467477272727273,4279.0,4336.0,3500.0,8
507,68,1968,2020,25,66,P_2001997,"noorderhavendam_8,90-7,40",Wetterskip Fryslân,52,6.7,,928.0,T_34B,495.0,928.0,34B,0.3302386701623416,9154.377467814096,3506.565858958716,2954.648867397942,5.533079339861236,1789.6739999999993,134.79839711332872,0.0753200846150353,0.0136126883401827,0.1662077560827647,929.0,T_34A,929.0,34A,7.3,8.1,2.3568,1.240121951219512,3477.0,3427.0,2000.0,8
508,68,1968,2020,25,66,P_2001997,"noorderhavendam_8,90-7,40",Wetterskip Fryslân,52,11.7,,930.0,T_35B,496.0,930.0,35B,0.3373851820251561,1182.0006851137534,1321.8568840506598,1282.2919134963186,3.068191153099181,2295.972,84.41724186696798,0.0367675397901054,0.0119834579905383,0.0410906720947606,931.0,T_35A,931.0,35A,9999999.0,11.8,1.862,1.0226666666666666,9999999.0,3267.0,30.0,8
509,64,1986,2020,25,62,P_2001997,"w1-1_&_w1-3_afsluitdijk-harlingen_8,90-7,40 & 6,55-0,0",Wetterskip Fryslân,34,2.8,,932.0,T_4B,497.0,932.0,4B,0.3472038496799844,5515.568823687928,2908.8011445258235,2331.523766575875,4.725374992241739,1987.947,129.88522885146108,0.0653363640235182,0.0138267045749362,0.2254233297626732,933.0,T_4A,933.0,4A,15.7,12.7,1.16103144654088,0.6405937500000003,4290.0,4324.0,86000.0,8
510,64,1986,2020,25,62,P_2001997,"w1-1_&_w1-3_afsluitdijk-harlingen_8,90-7,40 & 6,55-0,0",Wetterskip Fryslân,34,0.7,,934.0,T_5B,498.0,934.0,5B,0.3246254277632166,2990.9876114122967,2308.7865777110346,2055.324539566722,7.309708522072675,3492.2534912056253,318.1299304370895,0.0910958872940412,0.0124623146078895,0.1013550012162052,935.0,T_5A,935.0,5A,9.0,7.9,3.4894693877551024,1.8047000000000009,2740.0,2957.0,6500.0,8
511,64,1986,2020,25,62,P_2001997,"w1-1_&_w1-3_afsluitdijk-harlingen_8,90-7,40 & 6,55-0,0",Wetterskip Fryslân,34,1.9,,936.0,T_6B,499.0,936.0,6B,0.3317716193478522,2515.476633193969,2460.581472516648,1948.1800385821607,5.846741413648785,2983.621316528858,230.45789194718952,0.0772409992751037,0.0132109484258685,0.1820488110995187,937.0,T_6A,937.0,6A,11.8,11.0,3.268744186046512,1.69625,4825.0,4681.0,3500.0,8
512,64,1986,2020,25,62,P_2001997,"w1-1_&_w1-3_afsluitdijk-harlingen_8,90-7,40 & 6,55-0,0",Wetterskip Fryslân,34,3.2,6.5,938.0,T_7B,500.0,938.0,7B,0.3445953609907664,14134.048669388909,4206.385568824375,3109.1492141300605,4.269942300352485,1292.2950000000003,84.09272631968535,0.0650723916131265,0.0152396419051739,0.2931810624226325,939.0,T_7A,939.0,7A,10.9,12.1,2.788277777777777,1.4582105263157896,4503.0,4315.0,325.0,8
513,64,1986,2020,25,62,P_2001997,"w1-1_&_w1-3_afsluitdijk-harlingen_8,90-7,40 & 6,55-0,0",Wetterskip Fryslân,34,4.1,,940.0,T_8B,501.0,940.0,8B,0.336572721667175,1688.423189962493,825.3061511688537,476.6502290721718,8.129135241461286,17305.173655579194,2337.824531158359,0.1350939654052326,0.0166184915606039,0.4926966526756774,941.0,T_8A,941.0,8A,22.5,23.0,3.713740740740741,1.9205000000000003,2957.0,3150.0,700.0,8
514,65,1986,2020,25,63,P_2001997,"w1-2_afsluitdijk-harlingen_7,4-6,55",Wetterskip Fryslân,34,4.5,,942.0,T_9B,502.0,942.0,9B,0.3439944976410471,1208.5661588394382,960.704133506939,586.3595626317251,6.979266394019485,11889.012440936587,1285.010698506795,0.1080838887914869,0.0154864254621522,0.3977544854684199,943.0,T_9A,943.0,9A,11.4,11.2,1.8041000000000025,0.9635824175824174,2212.0,2191.0,27000.0,8
515,69,1989,2020,26,67,P_2003106,koegraszeedijk_,HHNK,31,6.8,,944.0,T_1B,503.0,944.0,1B,0.3333553403717371,2848.6841089458044,2292.293377134245,1648.8503766483143,5.067232137862209,2984.3879999999995,221.0120511393725,0.0740560715092583,0.0146146988127726,0.2849334742973035,945.0,T_1A,945.0,1A,7.3,7.8,2.3402121212121205,1.2305882352941175,2682.0,2663.0,1300.0,8
516,69,1989,2020,26,67,P_2003106,koegraszeedijk_,HHNK,31,5.2,6.2,947.0,T_2B,504.0,947.0,2B,0.3316200778601839,8222.015430203475,3863.824091191293,3030.699221782262,4.58241722333478,1427.328,97.5303312757524,0.0683307069403475,0.0149114983664933,0.2643722261653595,948.0,T_2A,948.0,2A,9.5,9.7,2.5715142857142848,1.3476388888888886,3955.0,3831.0,1500.0,8
517,69,1989,2020,26,67,P_2003106,koegraszeedijk_,HHNK,31,4.9,,949.0,T_3B,505.0,949.0,3B,0.3287678812799038,4134.241933315747,2920.4905597898414,2462.768856009424,7.4344945665383,2966.693999999999,285.28251039268144,0.0961617579678529,0.0129345387379344,0.1440326339865653,950.0,T_3A,950.0,3A,8.5,8.5,3.2813529411764706,1.701277777777778,3129.0,3091.0,300.0,8
518,69,1989,2020,26,67,P_2003106,koegraszeedijk_,HHNK,31,6.3,,951.0,T_4B,506.0,951.0,4B,0.3360937999166438,8138.461393092981,3475.256636931939,2975.469333523901,5.088240014893885,1663.3770000000004,114.09948311189822,0.0685950828416517,0.0134811020393821,0.1778289348170608,952.0,T_4A,952.0,4A,9.7,9.4,3.034973684210526,1.5798717948717949,4085.0,3764.0,1800.0,8
519,69,1989,2020,26,67,P_2003106,koegraszeedijk_,HHNK,31,5.3,,953.0,T_5B,507.0,953.0,5B,0.3350536203150933,4845.965619918359,2776.020323941473,2441.278348848617,5.055899666857232,2005.8600000000008,130.2034643483785,0.0649115413580102,0.0128387716598734,0.1235925422595563,954.0,T_5A,954.0,5A,5.8,7.5,1.7750601503759402,0.948813432835821,4108.0,4326.0,48500.0,8
520,69,1989,2020,26,67,P_2003106,koegraszeedijk_,HHNK,31,2.9,,955.0,T_6B,508.0,955.0,6B,0.3358823371903535,4101.882841058812,2806.9937035827816,2311.539241517756,6.950064585534709,2917.6514999999995,271.1909028994117,0.0929483534614781,0.0133737395268143,0.1726582826623541,956.0,T_6A,956.0,6A,6.3,6.4,1.778993103448275,0.9499726027397258,2828.0,2597.0,59000.0,8
521,69,1989,2020,26,67,P_2003106,koegraszeedijk_,HHNK,31,3.5,6.4,957.0,T_7B,509.0,957.0,7B,0.3295291720591103,3997.555041596108,2836.907990932285,2730.575349402339,6.889234590187966,2488.68848097067,205.1515759522532,0.082433610120716,0.0119655687495563,0.0664975066746983,958.0,T_7A,958.0,7A,8.8,9.0,3.796595238095239,1.961651162790698,4573.0,4302.0,3000.0,8
522,69,1989,2020,26,67,P_2003106,koegraszeedijk_,HHNK,31,2.5,,959.0,T_8B,510.0,959.0,8B,0.3249703841425272,5403.555450539848,3026.439955689956,2371.586028270608,6.93828718265519,2836.9125,280.4047301959914,0.0988415152726745,0.0142458091846883,0.2383172574720831,960.0,T_8A,960.0,8A,13.0,11.4,2.007041666666667,1.065219178082192,3774.0,3539.0,18000.0,8
523,70,1966,2021,27,68,P_2004437,"zuiderdiepdijk_4,3-7,2",Waterschap Hollandse Delta,55,4.623791509037411,6.3,962.0,T_1B,511.0,962.0,1B,0.332617837236739,4799.589130813869,4607.315329777302,4285.892342224283,6.293847055437647,1466.266205764142,109.04706776556677,0.0743705797329872,0.0118163945005199,0.0682138380675954,963.0,T_1A,963.0,1A,4.2,5.0,3.071214285714285,1.5983720930232557,7056.0,6501.0,3000.0,8
524,71,1954,2021,27,69,P_2004437,"martina_corneliadijk_15,9-17,4",Waterschap Hollandse Delta,67,11.4,6.5,964.0,T_17B,512.0,964.0,17B,0.3442957230803462,8903.952427311486,3355.4901683891103,2499.344380465145,3.8919890666378474,1512.777,86.59432648280861,0.0572419639397007,0.0147076373955875,0.2859225906654673,965.0,T_17A,965.0,17A,9.3,8.3,1.3051923076923078,0.7142264150943396,3463.0,3537.0,8000.0,8
525,71,1954,2021,27,69,P_2004437,"martina_corneliadijk_15,9-17,4",Waterschap Hollandse Delta,67,9.2,,967.0,T_18B,513.0,967.0,18B,0.344657430279739,9580.534478125168,3047.694061091845,2233.045196060649,3.201878650913914,1363.2209999999998,66.83007692057205,0.0490236556806064,0.0153109036991809,0.307483615957629,968.0,T_18A,968.0,18A,11.1,11.7,1.0559298245614048,0.5879767441860458,2804.0,2478.0,110000.0,8
526,71,1954,2021,27,69,P_2004437,"martina_corneliadijk_15,9-17,4",Waterschap Hollandse Delta,67,16.7,7.6,969.0,T_19B,514.0,969.0,19B,0.3551656561090519,15950.404482980666,4842.90202002179,3412.2049518410754,2.214348697394789,577.0935000000001,23.34713466582008,0.0404564159288227,0.0182701197767182,0.4593172826803507,970.0,T_19A,970.0,19A,6.6,6.5,1.0611276595744683,0.5919374999999999,3272.0,3219.0,5500.0,8
527,70,1966,2021,27,68,P_2004437,"zuiderdiepdijk_4,3-7,2",Waterschap Hollandse Delta,55,7.398066414459857,,971.0,T_2B,515.0,971.0,2B,0.3346920634465437,8386.911542637265,5673.613826802229,5648.213371324712,4.661421118038557,809.354021184042,45.0393260989737,0.0556484862249569,0.0119380945887105,0.0515895402416061,972.0,T_2AB,972.0,2AB,7.8,8.8,2.1826428571428567,1.1539999999999997,3337.0,3427.0,800.0,8
528,71,1954,2021,27,69,P_2004437,"martina_corneliadijk_15,9-17,4",Waterschap Hollandse Delta,67,5.2,,974.0,T_20B,516.0,974.0,20B,0.3334432244755952,1743.998583143264,2281.4376123116467,2856.3786872573787,6.17940110427331,2076.7740000000003,129.52982035080197,0.0623706866278188,0.010093322245207,-0.126221658494317,975.0,T_20A,975.0,20A,8.8,8.6,2.862790697674419,1.4947499999999998,5482.0,5336.0,3500.0,8
529,71,1954,2021,27,69,P_2004437,"martina_corneliadijk_15,9-17,4",Waterschap Hollandse Delta,67,1.07,,976.0,T_21B,517.0,976.0,21B,0.347113688373863,5877.155389067898,2317.612494435084,1682.3378627497234,1.6075697211155378,894.5640000000001,23.50013950661765,0.0262699365351362,0.0163413979437898,0.3823570978901586,977.0,T_21A,977.0,21A,9.7,8.8,0.4719534883720929,0.2962076923076921,1206.0,1600.0,46500.0,8
530,71,1954,2021,27,69,P_2004437,"martina_corneliadijk_15,9-17,4",Waterschap Hollandse Delta,67,9.7,,978.0,T_22B,518.0,978.0,22B,0.3446167498449067,666.8079773017955,1106.2591303642992,1412.0584512122434,2.487011952191235,1692.7440000000006,42.651139388921024,0.0251964498996428,0.0101312138357208,-0.1201598238666076,979.0,T_22A,979.0,22A,6.2,6.2,1.5363999999999998,0.8341818181818182,3780.0,3749.0,125.0,8
531,71,1954,2021,27,69,P_2004437,"martina_corneliadijk_15,9-17,4",Waterschap Hollandse Delta,67,6.9,,980.0,T_23B,519.0,980.0,23B,0.3457610980782973,13039.53455149635,6702.182618608069,5246.628487229666,4.599981526178611,827.2500000000002,56.783322466546,0.068641066747109,0.0149220309595747,0.2696993759606337,981.0,T_23A,981.0,23A,3.7,4.2,1.933444444444444,1.032162162162162,5525.0,5112.0,1600.0,8
532,71,1954,2021,27,69,P_2004437,"martina_corneliadijk_15,9-17,4",Waterschap Hollandse Delta,67,12.3,,983.0,T_24B,520.0,983.0,24B,0.3523289634333582,20787.681734841903,4992.270627773497,2888.494978761171,1.2720325302518654,396.7919999999999,10.620291300120977,0.0267653866512454,0.0210414325221272,0.7062950058899101,984.0,T_24A,984.0,24A,13.7,12.5,0.3077272727272726,0.2153235294117647,955.0,792.0,1300.0,8
533,70,1966,2021,27,68,P_2004437,"zuiderdiepdijk_4,3-7,2",Waterschap Hollandse Delta,55,10.466582597730138,5.7,985.0,T_3B,521.0,985.0,3B,0.3477684084381988,11927.445367774695,6809.251798045546,6021.421460090682,4.0215725978650365,652.812631578947,34.38108764654705,0.0526660882210414,0.0130958939418377,0.156634494472914,986.0,T_3A,986.0,3A,4.9,4.6,2.370930232558139,1.2474545454545456,4782.0,5055.0,3500.0,8
534,70,1966,2021,27,68,P_2004437,"zuiderdiepdijk_4,3-7,2",Waterschap Hollandse Delta,55,1.261034047919294,,987.0,T_4B,522.0,987.0,4B,0.3374887166055375,7626.965471232588,5240.316185435363,4649.286120612263,5.830107160239242,1240.3979999999997,90.69066738586444,0.0731141676992904,0.0125407931089023,0.11644750204163,988.0,T_4A,988.0,4A,16.6,15.1,2.8305749999999987,1.4759999999999995,3517.0,3490.0,2000.0,8
535,70,1966,2021,27,68,P_2004437,"zuiderdiepdijk_4,3-7,2",Waterschap Hollandse Delta,55,4.455653635981505,,989.0,T_5B,523.0,989.0,5B,0.3428692335907641,8562.543514538667,6269.6091908064645,5016.131290604971,5.35208912183609,1050.5214859992996,74.4676240784375,0.0708863408039682,0.0132446114386918,0.1783179353705743,990.0,T_5A,990.0,5A,10.6,11.3,2.5835185185185185,1.3523928571428574,2940.0,2985.0,700.0,8
536,70,1966,2021,27,68,P_2004437,"zuiderdiepdijk_4,3-7,2",Waterschap Hollandse Delta,55,10.970996216897856,,991.0,T_6B,524.0,991.0,6B,0.3370061004208087,9257.807329925792,5284.222538916584,5030.0319428738585,4.897754659803225,955.450015658518,57.33859341613098,0.0600121330016535,0.0122529888020288,0.0820971033064652,992.0,T_6A,992.0,6A,5.6,5.9,2.252825,1.1889999999999998,5369.0,5244.0,2000.0,8
537,70,1966,2021,27,68,P_2004437,"zuiderdiepdijk_4,3-7,2",Waterschap Hollandse Delta,55,4.4136191677175285,,993.0,T_7B,525.0,993.0,7B,0.327179466876249,11486.519629193785,7588.516785432515,6469.79145708922,6.0441149865935095,920.3386079626556,73.48884963185486,0.0798497954948737,0.0132111641939289,0.1736891034974974,994.0,T_7A,994.0,7A,7.4,5.3,2.012839622641509,1.0671401869158863,3988.0,4431.0,35000.0,8
538,70,1966,2021,27,68,P_2004437,"zuiderdiepdijk_4,3-7,2",Waterschap Hollandse Delta,55,1.9756200084068936,,995.0,T_8B,526.0,995.0,8B,0.339397239932439,4645.822666157168,4161.785472163167,3620.5028498080446,5.950391309489453,1635.3673213528425,124.31028328770256,0.0760136769669997,0.0127745677575483,0.1508814160660015,996.0,T_8A,996.0,8A,10.0,11.3,2.0371111111111104,1.0798125000000005,3700.0,3704.0,13500.0,8
539,74,1980,2021,28,72,P_2100120,"dam_11-noorder_oeverdijk-bierdijk_25,7-22,3",HHNK,41,6.4,,998.0,T_1B,527.0,998.0,1B,0.3154524118975152,3127.943558973296,2299.6425303410724,2004.108498156355,6.3655375926181295,3144.869999999999,246.29376298923745,0.0783160394513088,0.0123031304602032,0.1007650827612231,999.0,T_1A,999.0,1A,4.2,5.0,3.071214285714285,1.5983720930232557,7056.0,6501.0,3000.0,12
540,74,1980,2021,28,72,P_2100120,"dam_11-noorder_oeverdijk-bierdijk_25,7-22,3",HHNK,41,8.6,6.1,1001.0,T_10B,528.0,1001.0,10B,0.3241150423448916,2973.646372200772,2549.789971721755,2214.7208625007565,6.735854349733038,3029.936526434976,249.8726503070721,0.0824679487926674,0.0122431312363421,0.0977282825691057,,,,,,,,,,,,12
541,74,1980,2021,28,72,P_2100120,"dam_11-noorder_oeverdijk-bierdijk_25,7-22,3",HHNK,41,5.3,,1002.0,T_11B,529.0,1002.0,11B,0.3143892073321273,3240.100031290164,2952.32715816322,2652.8471478371976,6.935828940920553,2587.499558199813,216.72055258217236,0.0837567495984231,0.0120759537629696,0.0734711266504492,,,,,,,,,,,,12
542,74,1980,2021,28,72,P_2100120,"dam_11-noorder_oeverdijk-bierdijk_25,7-22,3",HHNK,41,3.6,,1003.0,T_12B,530.0,1003.0,12B,0.3247112745661235,2270.0226763088986,1666.7307480168015,1162.0115453324604,7.688449389692226,6606.000000000002,736.0430001712252,0.1114203754422078,0.0144919176539793,0.2970147253496267,,,,,,,,,,,,12
543,75,1985,2021,28,73,P_2100120,"rinkelweelsedijk-normerdijk_21,6-15,6",HHNK,36,5.6,,1004.0,T_13B,531.0,1004.0,13B,0.3210989174211149,2340.9192721635345,2138.387048605984,1919.629731326088,7.679603357667846,3993.590227579623,369.5017860810496,0.0925237105022144,0.0120479803699539,0.0802586104292305,,,,,,,,,,,,12
544,75,1985,2021,28,73,P_2100120,"rinkelweelsedijk-normerdijk_21,6-15,6",HHNK,36,7.4,,1005.0,T_14B,532.0,1005.0,14B,0.3145036413245821,2867.8600022165047,2776.575939426861,2507.096544193316,7.666417100456714,2987.495487109523,272.7025546597159,0.0912813277330043,0.0119066477256457,0.0652289809291069,,,,,,,,,,,,12
545,75,1985,2021,28,73,P_2100120,"rinkelweelsedijk-normerdijk_21,6-15,6",HHNK,36,6.8,,1006.0,T_15B,533.0,1006.0,15B,0.3246664177436502,2908.127406519368,2741.295828241254,2586.7574967943688,6.6943373125191314,2580.6785124952303,199.8647134912634,0.0774465755899274,0.0115689682151352,0.0487789769212354,,,,,,,,,,,,12
546,75,1985,2021,28,73,P_2100120,"rinkelweelsedijk-normerdijk_21,6-15,6",HHNK,36,5.1,6.6,1007.0,T_16B,534.0,1007.0,16B,0.3419829963590238,1581.2617168326367,1295.3282503398098,938.6230863085498,6.862059186009897,7310.935648905936,690.2775799095217,0.0944171325065376,0.013759300225657,0.2458269619642253,,,,,,,,,,,,12
547,75,1985,2021,28,73,P_2100120,"rinkelweelsedijk-normerdijk_21,6-15,6",HHNK,36,5.6,,1008.0,T_17B,535.0,1008.0,17B,0.3225276545341948,2725.612616276722,2512.9781727114164,2406.774938261396,6.128493047351476,2544.2361143120124,179.9922780721974,0.0707451156202415,0.0115436396963549,0.0422005246300423,,,,,,,,,,,,12
548,75,1985,2021,28,73,P_2100120,"rinkelweelsedijk-normerdijk_21,6-15,6",HHNK,36,3.9,,1009.0,T_18B,536.0,1009.0,18B,0.3340220913259963,3157.7106227606328,2630.523212424729,2397.593465612428,5.378913318947894,2216.565278721134,145.94637605336348,0.0658434820099539,0.0122410379393941,0.0950549069526079,,,,,,,,,,,,12
549,75,1985,2021,28,73,P_2100120,"rinkelweelsedijk-normerdijk_21,6-15,6",HHNK,36,3.6,,1010.0,T_19B,537.0,1010.0,19B,0.3306068697695111,2873.927623925194,2599.544659321968,2405.3722769218457,4.539174542721305,1874.9187144475425,100.15256945264572,0.0534170194584442,0.0117680029608246,0.0527782289504225,,,,,,,,,,,,12
550,74,1980,2021,28,72,P_2100120,"dam_11-noorder_oeverdijk-bierdijk_25,7-22,3",HHNK,41,6.7,,1011.0,T_2B,538.0,1011.0,2B,0.3238179109156996,2034.939503146536,1689.5473238503785,1525.4674869569656,5.877938891357118,3832.347506965858,270.31940892896284,0.0705362466315012,0.012000166714087,0.0784914780995401,1012.0,T_2AB,1012.0,2AB,7.8,8.8,2.1826428571428567,1.1539999999999997,3337.0,3427.0,800.0,12
551,75,1985,2021,28,73,P_2100120,"rinkelweelsedijk-normerdijk_21,6-15,6",HHNK,36,9.2,6.7,1014.0,T_20B,539.0,1014.0,20B,0.3261610594183964,3393.797464612099,2782.076958648885,2560.3981323423964,5.262823061630218,2046.3779279259657,131.9215464798808,0.0644658763562726,0.0122492957869466,0.1041451966370801,,,,,,,,,,,,12
552,75,1985,2021,28,73,P_2100120,"rinkelweelsedijk-normerdijk_21,6-15,6",HHNK,36,6.4,,1015.0,T_21B,540.0,1015.0,21B,0.3231031713372968,2669.11475409836,2595.6026490066224,2375.0362080315995,5.41152,2274.7500000000005,146.28890547257402,0.0643098826124075,0.0118838852323205,0.0677893850778644,,,,,,,,,,,,12
553,75,1985,2021,28,73,P_2100120,"rinkelweelsedijk-normerdijk_21,6-15,6",HHNK,36,4.5,,1016.0,T_22B,541.0,1016.0,22B,0.3270723866538996,3510.117818041922,3129.906501109377,2699.5730323000093,7.531059681866181,2778.5377041182637,264.1314786523056,0.0950613260568024,0.0126225697408424,0.1405830456309195,,,,,,,,,,,,12
554,75,1985,2021,28,73,P_2100120,"rinkelweelsedijk-normerdijk_21,6-15,6",HHNK,36,6.1,,1017.0,T_23B,542.0,1017.0,23B,0.3171920974662304,3307.384941952584,2924.13631441316,2852.544969580385,6.585754315146743,2277.3145960070806,175.36245507821678,0.0770040535399403,0.0116925184048904,0.0442607602084386,,,,,,,,,,,,12
555,75,1985,2021,28,73,P_2100120,"rinkelweelsedijk-normerdijk_21,6-15,6",HHNK,36,4.6,,1018.0,T_24B,543.0,1018.0,24B,0.3195708041791858,2659.2430466199085,2445.8564505250883,2132.890086408159,8.461556886227545,3966.290997405317,409.0161879020619,0.1031230911119818,0.0121872478668589,0.0987999887749347,,,,,,,,,,,,12
556,72,1990,2021,28,70,P_2100120,"amsteldiepdijk_14,8-12,5",HHNK,31,3.8,,1019.0,T_25B,544.0,1019.0,25B,0.3179049608752703,4075.590384418738,3665.858794513284,3336.731870334001,7.650808466036042,2276.8956969624205,209.2187904683986,0.0918877358973952,0.0120101994848399,0.0712112724913646,,,,,,,,,,,,12
557,72,1990,2021,28,70,P_2100120,"amsteldiepdijk_14,8-12,5",HHNK,31,3.1,,1020.0,T_26B,545.0,1020.0,26B,0.3158285358444341,4449.516552370487,3879.5989238893767,3757.254216060837,7.447759505074893,1974.0145798776496,169.2716662869635,0.0857499574787614,0.0115135239558059,0.0339922252501815,,,,,,,,,,,,12
558,72,1990,2021,28,70,P_2100120,"amsteldiepdijk_14,8-12,5",HHNK,31,5.8,6.7,1021.0,T_27B,546.0,1021.0,27B,0.3223558465762476,3211.838766717284,2848.738085410608,2340.203955932842,6.115816631795486,2575.252599288354,203.61124133213627,0.0790645707486722,0.0129278844525233,0.1465395990139814,,,,,,,,,,,,12
559,72,1990,2021,28,70,P_2100120,"amsteldiepdijk_14,8-12,5",HHNK,31,3.4,,1022.0,T_28B,547.0,1022.0,28B,0.3165723503090397,4285.504783650808,3640.478862389376,3390.6646888202504,7.040935578571975,2052.237395650264,173.2360521846179,0.084413261619632,0.0119889268517852,0.0684995616194178,,,,,,,,,,,,12
560,72,1990,2021,28,70,P_2100120,"amsteldiepdijk_14,8-12,5",HHNK,31,4.2,,1023.0,T_29B,548.0,1023.0,29B,0.3220216981050979,3596.246382361655,3149.687610921376,2978.8820120765013,7.18647864188399,2401.222900780057,202.41335434987064,0.0842959453219086,0.0117297983508387,0.0570878425537165,,,,,,,,,,,,12
561,74,1980,2021,28,72,P_2100120,"dam_11-noorder_oeverdijk-bierdijk_25,7-22,3",HHNK,41,11.2,,1024.0,T_3B,549.0,1024.0,3B,0.3305557016523517,1874.1558832146868,1586.8729279410525,1105.735583671007,5.291650931475145,4772.181748020625,355.9859729133007,0.0745960635428343,0.0140969358162178,0.2753185584748951,1025.0,T_3A,1025.0,3A,4.9,4.6,2.370930232558139,1.2474545454545456,4782.0,5055.0,3500.0,12
562,72,1990,2021,28,70,P_2100120,"amsteldiepdijk_14,8-12,5",HHNK,31,1.0,,1027.0,T_30B,550.0,1027.0,30B,0.3320246051194857,3449.6630304548075,3077.465080979889,2997.9130969522043,6.629361689460114,2201.958542107001,166.79576892332142,0.0757488234831699,0.0114262619889334,0.026063770024401,,,,,,,,,,,,12
563,72,1990,2021,28,70,P_2100120,"amsteldiepdijk_14,8-12,5",HHNK,31,3.4,,1028.0,T_31B,551.0,1028.0,31B,0.3243951969965996,2993.8771132357465,2553.3434931891616,2484.803737168488,6.152421812255652,2467.0443324037137,180.66396167426512,0.0732309344024794,0.0119027818048175,0.0481162598036276,,,,,,,,,,,,12
564,72,1990,2021,28,70,P_2100120,"amsteldiepdijk_14,8-12,5",HHNK,31,3.4,,1029.0,T_32B,552.0,1029.0,32B,0.3312163817048317,3382.002689248486,2905.343679525601,2796.1677520057483,7.520553132320763,2676.6011833223183,234.62923509649292,0.087659393023678,0.011655976825288,0.043970650087725,,,,,,,,,,,,12
565,72,1990,2021,28,70,P_2100120,"amsteldiepdijk_14,8-12,5",HHNK,31,3.5,6.4,1030.0,T_33B,553.0,1030.0,33B,0.3335713575118366,2450.2706274680063,2211.9170709262503,1958.81491965317,6.26520209642946,3163.1140226428065,243.82198345779932,0.0770828941708791,0.0123033372243185,0.0950617345375978,,,,,,,,,,,,12
566,72,1990,2021,28,70,P_2100120,"amsteldiepdijk_14,8-12,5",HHNK,31,2.1,,1031.0,T_34B,554.0,1031.0,34B,0.333920413835815,3223.4454766346503,2653.222514164627,2341.6069201559826,7.055814961197547,2987.868164193467,264.6777994205753,0.088584162645617,0.0125547740598035,0.1249347120793589,,,,,,,,,,,,12
567,72,1990,2021,28,70,P_2100120,"amsteldiepdijk_14,8-12,5",HHNK,31,4.2,,1032.0,T_35B,555.0,1032.0,35B,0.3168341926371974,3949.8447076523976,3353.017417142867,3136.4978619805006,6.579048955543877,2089.168135935633,161.53036616171812,0.0773180307430722,0.0117521592050048,0.0555775837360747,,,,,,,,,,,,12
568,72,1990,2021,28,70,P_2100120,"amsteldiepdijk_14,8-12,5",HHNK,31,1.7,,1033.0,T_36B,556.0,1033.0,36B,0.3425389291869837,2534.24047864184,2036.5038351628116,1509.9395210105183,4.619082724076322,3042.371352615789,195.84687266654413,0.0643730991281382,0.0139363382241678,0.2524442762324391,,,,,,,,,,,,12
569,73,1990,2021,28,71,P_2100120,"balgzanddijk_12,5-4,6",HHNK,31,3.8,,1034.0,T_37B,557.0,1034.0,37B,0.3255127226632527,3953.50902988546,3451.384934194577,3321.3557470896376,6.559169211816116,1956.1576914517016,149.59955836842545,0.0764762263401192,0.011659437936492,0.0373315621548619,,,,,,,,,,,,12
570,73,1990,2021,28,71,P_2100120,"balgzanddijk_12,5-4,6",HHNK,31,2.2,,1035.0,T_38B,558.0,1035.0,38B,0.3182154345386636,3665.153774129334,3154.672587042422,2940.486461998677,7.392934804359401,2480.320755000754,221.30622162598124,0.0892248396421268,0.01206893365129,0.0673117862911936,,,,,,,,,,,,12
571,73,1990,2021,28,71,P_2100120,"balgzanddijk_12,5-4,6",HHNK,31,3.8,6.2,1036.0,T_39B,559.0,1036.0,39B,0.3193039636312111,4090.7766590054457,3762.5208976987183,3217.485517533749,7.603786067772312,2349.5715103753078,216.6266679419464,0.0921983719096694,0.0121253242908083,0.0936858365232374,,,,,,,,,,,,12
572,74,1980,2021,28,72,P_2100120,"dam_11-noorder_oeverdijk-bierdijk_25,7-22,3",HHNK,41,10.7,6.3,1037.0,T_4B,560.0,1037.0,4B,0.3217253185047679,2648.7673230721803,2209.0729925013206,1852.017630691388,5.095586643199575,2738.6196412450868,178.72307453745032,0.0652602763252642,0.0128072155170511,0.1404511841199986,1038.0,T_4A,1038.0,4A,16.6,15.1,2.8305749999999987,1.4759999999999995,3517.0,3490.0,2000.0,12
573,73,1990,2021,28,71,P_2100120,"balgzanddijk_12,5-4,6",HHNK,31,4.1,,1040.0,T_40B,561.0,1040.0,40B,0.3279576556788696,2583.4678125793907,2591.525132415888,2396.6797802481087,6.048556349078361,2517.128742219157,184.7412011570715,0.0733936242745373,0.0121340729983809,0.0848474328213247,,,,,,,,,,,,12
574,73,1990,2021,28,71,P_2100120,"balgzanddijk_12,5-4,6",HHNK,31,3.2,,1041.0,T_41B,562.0,1041.0,41B,0.3204666717206038,4159.296966690078,3635.607888254231,3107.554092751536,5.873253012048192,1857.7830715675696,135.4285621870027,0.0728979417778471,0.0124118510863241,0.1015918821797674,,,,,,,,,,,,12
575,73,1990,2021,28,71,P_2100120,"balgzanddijk_12,5-4,6",HHNK,31,4.1,,1042.0,T_42B,563.0,1042.0,42B,0.3266504969127053,4630.606175079377,3977.080868996571,3713.659077170005,7.052305607974066,1879.879826524903,157.04753455567365,0.0835412627657096,0.0118459504465106,0.0596295913975096,,,,,,,,,,,,12
576,73,1990,2021,28,71,P_2100120,"balgzanddijk_12,5-4,6",HHNK,31,2.5,,1043.0,T_43B,564.0,1043.0,43B,0.3298519127542738,3723.906263936394,3310.742618302148,2992.528885723795,7.178160000000001,2386.573281333513,206.60051604295165,0.0865678492501652,0.012059894074549,0.0799060982712478,,,,,,,,,,,,12
577,73,1990,2021,28,71,P_2100120,"balgzanddijk_12,5-4,6",HHNK,31,2.6,,1044.0,T_44B,565.0,1044.0,44B,0.3277731052988738,4093.9224996100393,3381.759411662212,3166.5574821765567,7.353164405832669,2309.891572478444,201.00302175988904,0.0870183796307888,0.0118341403548333,0.0594584263255247,,,,,,,,,,,,12
578,73,1990,2021,28,71,P_2100120,"balgzanddijk_12,5-4,6",HHNK,31,3.6,,1045.0,T_45B,566.0,1045.0,45B,0.3291851423898222,4014.353747920236,3662.446253312165,3520.6442745504023,6.388188491534756,1797.6986394664098,134.3393567140957,0.0747285188767624,0.0116979201499436,0.0367967012755504,,,,,,,,,,,,12
579,73,1990,2021,28,71,P_2100120,"balgzanddijk_12,5-4,6",HHNK,31,5.7,,1046.0,T_46B,567.0,1046.0,46B,0.3298213242501448,3618.859190341198,3023.118541570839,2860.625490501096,6.832706721867034,2379.250272073596,192.59719112639888,0.0809486893358822,0.0118472360414385,0.0557206913078048,,,,,,,,,,,,12
580,73,1990,2021,28,71,P_2100120,"balgzanddijk_12,5-4,6",HHNK,31,5.8,,1047.0,T_47B,568.0,1047.0,47B,0.3331914929343367,3036.8472981032173,2576.3906196420926,1793.9705258708332,3.690120481927712,2044.5040593870492,108.91758754486456,0.0532733535278567,0.0144367518049239,0.2862757224239486,,,,,,,,,,,,12
581,73,1990,2021,28,71,P_2100120,"balgzanddijk_12,5-4,6",HHNK,31,3.6,6.3,1048.0,T_48B,569.0,1048.0,48B,0.3142512526679499,4663.499231317997,3677.877479017132,3165.279278799845,6.585868263473053,2069.179677338012,171.58847041041554,0.0829258436518007,0.0125914822972893,0.1292348946492522,,,,,,,,,,,,12
582,74,1980,2021,28,72,P_2100120,"dam_11-noorder_oeverdijk-bierdijk_25,7-22,3",HHNK,41,9.2,,1049.0,T_5B,570.0,1049.0,5B,0.3274819692077246,1507.0508735200367,1160.2097573491933,934.954002183523,6.358692290400303,6772.517999999997,568.6395616018397,0.0839627981205572,0.0132044128393059,0.176363110150359,1050.0,T_5A,1050.0,5A,10.6,11.3,2.5835185185185185,1.3523928571428574,2940.0,2985.0,700.0,12
583,74,1980,2021,28,72,P_2100120,"dam_11-noorder_oeverdijk-bierdijk_25,7-22,3",HHNK,41,7.7,,1052.0,T_6B,571.0,1052.0,6B,0.3194060727426202,1865.409873570867,1914.078547557524,1646.7993276346751,8.213858434879485,4973.372457175645,507.077142420243,0.1019584088637129,0.0124129737165611,0.1206396104533365,1053.0,T_6A,1053.0,6A,5.6,5.9,2.252825,1.1889999999999998,5369.0,5244.0,2000.0,12
584,74,1980,2021,28,72,P_2100120,"dam_11-noorder_oeverdijk-bierdijk_25,7-22,3",HHNK,41,6.9,,1055.0,T_7B,572.0,1055.0,7B,0.3191622536534571,2416.9303697001933,2175.80926665998,2090.937018650969,6.379701551864058,3016.5554971479523,223.2816049952009,0.0740187293773662,0.011602224457622,0.0407131160307711,1056.0,T_7A,1056.0,7A,7.4,5.3,2.012839622641509,1.0671401869158863,3988.0,4431.0,35000.0,12
585,74,1980,2021,28,72,P_2100120,"dam_11-noorder_oeverdijk-bierdijk_25,7-22,3",HHNK,41,4.8,,1058.0,T_8B,573.0,1058.0,8B,0.3361387141897588,3723.375116463586,3200.587764257618,2999.5994392037906,5.84390438247012,1933.396465379566,135.34251368007335,0.0700024625593296,0.011978714567835,0.0741564024699299,1059.0,T_8A,1059.0,8A,10.0,11.3,2.0371111111111104,1.0798125000000005,3700.0,3704.0,13500.0,12
586,74,1980,2021,28,72,P_2100120,"dam_11-noorder_oeverdijk-bierdijk_25,7-22,3",HHNK,41,4.3,,1061.0,T_9B,574.0,1061.0,9B,0.3255487203090406,2447.2617069989005,2001.2900444498628,1585.336241798507,7.459224754913605,4689.08605869051,465.3588591794201,0.0992429768519492,0.0133047307344607,0.1909683749966076,,,,,,,,,,,,12
587,76,2021,2021,29,74,P_2100513,"lauwersmeerdijk_friesland_(0-meting)_57,4-61,7",Wetterskip Fryslân,0,3.1,6.0,1062.0,T_1B,575.0,1062.0,1B,0.3365572354375984,1365.116272422812,1295.8420985324542,981.4045525042184,9.551386813699535,9727.073746229677,1246.603545511632,0.1281581262807666,0.0134177506136543,0.2018372114093563,1063.0,T_1A,1063.0,1A,12.9,13.8,5.908833333333333,3.027230769230769,2018.0,2161.0,175.0,8
588,76,2021,2021,29,74,P_2100513,"lauwersmeerdijk_friesland_(0-meting)_57,4-61,7",Wetterskip Fryslân,0,4.5,,1065.0,T_2B,576.0,1065.0,2B,0.3232666950514426,2176.683629775291,2067.0836922738995,1677.4764506708534,8.284070266259398,4929.972435358414,522.5837339073706,0.1060013500601607,0.0127958052808773,0.1496543347574222,1066.0,T_2A,1066.0,2A,8.3,8.8,3.744407407407408,1.9333571428571432,2750.0,2713.0,700.0,8
589,76,2021,2021,29,74,P_2100513,"lauwersmeerdijk_friesland_(0-meting)_57,4-61,7",Wetterskip Fryslân,0,3.3,6.0,1067.0,T_3B,577.0,1067.0,3B,0.3276337346703856,1977.050693561656,1549.080044407575,952.3385598959936,10.650660773384166,11183.691621756174,1865.076501397956,0.1667675186760097,0.0156579504524976,0.403623415563184,1068.0,T_3A,1068.0,3A,14.6,13.1,4.694913043478261,2.420041666666666,1921.0,2388.0,450.0,8
590,76,2021,2021,29,74,P_2100513,"lauwersmeerdijk_friesland_(0-meting)_57,4-61,7",Wetterskip Fryslân,0,2.8,5.8,1070.0,T_4B,578.0,1070.0,4B,0.3313560056400658,1955.7962727605827,1476.01166599525,947.0052225548416,9.915112900319071,10471.05176510823,1576.6418176633797,0.1505714853704653,0.0151860585839239,0.3694047888514896,1071.0,T_4A,1071.0,4A,10.8,11.2,3.413705882352941,1.7682571428571432,2772.0,2591.0,1400.0,8
591,76,2021,2021,29,74,P_2100513,"lauwersmeerdijk_friesland_(0-meting)_57,4-61,7",Wetterskip Fryslân,0,1.9,,1073.0,T_5B,579.0,1073.0,5B,0.3291831582742776,2451.142316113305,2390.7322418430654,2214.312954139712,9.50280122285154,4293.81049169184,476.3579048493087,0.1109405982800174,0.0116745153011552,0.0500772667993418,1074.0,T_5A,1074.0,5A,9.5,11.6,5.821473684210526,2.97975,1475.0,3174.0,350.0,8
592,76,2021,2021,29,74,P_2100513,"lauwersmeerdijk_friesland_(0-meting)_57,4-61,7",Wetterskip Fryslân,0,3.4,5.8,1076.0,T_6B,580.0,1076.0,6B,0.3219781378147253,2924.251458135584,2955.7662387119863,2680.6831120711145,9.15252973597902,3412.289138230916,369.1147239234728,0.1081721709300515,0.0118188275865219,0.0630827230621686,1077.0,T_6A,1077.0,6A,7.2,7.5,2.813827586206896,1.4670847457627108,3234.0,3091.0,11000.0,8
593,76,2021,2021,29,74,P_2100513,"lauwersmeerdijk_friesland_(0-meting)_57,4-61,7",Wetterskip Fryslân,0,2.2,6.1,1079.0,T_7B,581.0,1079.0,7B,0.3287367645948416,1644.5199659802795,1509.6007902832378,975.9135675223204,10.47822147571588,10733.462016362657,1689.0703904990426,0.1573649199041403,0.0150182853329495,0.3371324341205492,1080.0,T_7AH,1080.0,7AH,7.8,8.6,2.1249130434782613,1.125057142857143,2960.0,2714.0,16500.0,8
594,76,2021,2021,29,74,P_2100513,"lauwersmeerdijk_friesland_(0-meting)_57,4-61,7",Wetterskip Fryslân,0,1.3,6.2,1081.0,T_8B,582.0,1081.0,8B,0.3370880639608923,918.4903698086614,843.2957697675125,551.1502932094254,9.44243107456591,17137.461906657412,2383.015849164356,0.1390530209282987,0.0147264004185163,0.3306669599725207,1082.0,T_8A,1082.0,8A,10.4,9.5,3.2469999999999994,1.6883749999999995,3054.0,3009.0,5500.0,8
595,77,1961,2023,30,75,P_2200207,t_horntje_texel_noordoostelijke_dijk_,HHNK,62,8.6,,,,,,,,,,,,,,,,,1084.0,T_1AB,1084.0,1AB,2.4,2.9,1.1778627450980397,0.6491923076923073,547.0,582.0,7500.0,8
596,78,1961,2023,30,76,P_2200207,t_hortnje_texel_zuidoostelijke_havendam_,HHNK,62,7.3,,1086.0,T_10B,583.0,1086.0,10B,0.337269724722075,1983.3618591756688,1841.446178265886,1716.4003793162178,4.640510601227728,2723.595583924903,148.7250483884324,0.0546061424340057,0.0117672702696894,0.0569277091630713,1087.0,T_10A,1087.0,10A,2.4,2.1,0.8571860465116283,0.4913181818181819,762.0,727.0,3500.0,8
597,78,1961,2023,30,76,P_2200207,t_hortnje_texel_zuidoostelijke_havendam_,HHNK,62,15.0,,1088.0,T_11B,584.0,1088.0,11B,0.3435609632697449,1063.0147169345753,908.2870973596469,620.4746570104247,1.9099110372566372,3074.0754724486874,83.34804576993395,0.0271132073746849,0.014196057746035,0.2862667650265522,,,,,,,,,,,,8
598,78,1961,2023,30,76,P_2200207,t_hortnje_texel_zuidoostelijke_havendam_,HHNK,62,12.2,,1089.0,T_12B,585.0,1089.0,12B,0.3413538114450491,946.4148773660576,953.714917586446,816.484329218643,2.1172218284344497,2592.575432610606,67.62256787069832,0.0260831631049614,0.0123195230441432,0.1040648112886173,,,,,,,,,,,,8
599,78,1961,2023,30,76,P_2200207,t_hortnje_texel_zuidoostelijke_havendam_,HHNK,62,7.9,6.1,1090.0,T_13B,586.0,1090.0,13B,0.3335445256948129,2083.8846374385644,1955.4559993853968,1882.015681617061,4.696840865254184,2494.7583908753068,134.90021123782336,0.0540734572659328,0.0115127292614812,0.0337022988462233,1091.0,T_13A,1091.0,13A,6.7,7.1,1.0898965517241388,0.6089999999999998,3097.0,2887.0,11000.0,8
600,78,1961,2023,30,76,P_2200207,t_hortnje_texel_zuidoostelijke_havendam_,HHNK,62,7.9,,1092.0,T_14B,587.0,1092.0,14B,0.3487077421161637,1220.4760835096508,1122.36736503159,1057.4789605942246,3.1709562810041283,2998.3740056019933,111.59575159157076,0.0372187563603044,0.0117373918345284,0.0541517832999651,1093.0,T_14ABB,1093.0,14ABB,9.6,10.9,0.6000750000000001,0.3634634146341464,2653.0,2497.0,2000.0,8
601,78,1961,2023,30,76,P_2200207,t_hortnje_texel_zuidoostelijke_havendam_,HHNK,62,7.4,,1094.0,T_15B,588.0,1094.0,15B,0.3397647686312069,2006.676966435022,1782.1825083675403,1549.226398165216,2.691064618228571,1720.7856031739818,57.84248506578275,0.0336139987219166,0.0124909667698888,0.1159051747836401,1095.0,T_15A,1095.0,15A,3.1,3.7,0.7180624999999997,0.4205151515151514,749.0,702.0,1200.0,8
602,78,1961,2023,30,76,P_2200207,t_hortnje_texel_zuidoostelijke_havendam_,HHNK,62,10.0,,1096.0,T_16B,589.0,1096.0,16B,0.346477787456036,2021.945056883436,1494.5751247894627,1240.3294179472512,2.4998678521862163,2008.7485940082645,63.75754514205104,0.0317399326785981,0.0126966442049488,0.1457798527550512,1097.0,T_16A,1097.0,16A,8.0,9.5,0.6004047619047621,0.3631860465116279,2472.0,2246.0,3000.0,8
603,77,1961,2023,30,75,P_2200207,t_horntje_texel_noordoostelijke_dijk_,HHNK,62,9.1,6.2,,,,,,,,,,,,,,,,1098.0,T_2A,1098.0,2A,4.1,4.2,1.5780425531914886,0.8590833333333326,1266.0,1159.0,5500.0,8
604,77,1961,2023,30,75,P_2200207,t_horntje_texel_noordoostelijke_dijk_,HHNK,62,11.1,,1100.0,T_3B,590.0,1100.0,3B,0.3464848953077596,2147.7970541812706,1649.2579343694792,1364.0129999059448,3.030277640461049,2160.4590000000007,85.85008676922232,0.0397369664359389,0.0131133087956564,0.1593863974200019,1101.0,T_3A,1101.0,3A,6.5,7.4,0.7383589743589736,0.432625,1017.0,953.0,1900.0,8
605,77,1961,2023,30,75,P_2200207,t_horntje_texel_noordoostelijke_dijk_,HHNK,62,6.2,,1102.0,T_4B,591.0,1102.0,4B,0.3432121594115585,1535.9214781203225,1330.885396186719,1187.537900007289,3.130144882268999,2587.7751055474405,99.24427776522025,0.0383511988937791,0.0122522120656533,0.0979992087687354,1103.0,T_4AB,1103.0,4AB,10.1,9.5,0.8387179487179484,0.4832499999999999,2964.0,2634.0,1900.0,8
606,77,1961,2023,30,75,P_2200207,t_horntje_texel_noordoostelijke_dijk_,HHNK,62,7.8,,1105.0,T_5B,592.0,1105.0,5B,0.3359470105307177,2614.431854991786,2190.578023394555,2068.6712004980086,4.557550085409322,2172.469227112157,117.7968877918371,0.0542225806109223,0.011897308772209,0.0579895345074954,1106.0,T_5A,1106.0,5A,7.6,9.3,1.608019607843137,0.8697307692307691,3712.0,3406.0,7500.0,8
607,77,1961,2023,30,75,P_2200207,t_horntje_texel_noordoostelijke_dijk_,HHNK,62,3.9,6.1,1107.0,T_6B,593.0,1107.0,6B,0.3332564632068683,2862.877882143024,2551.372580278397,2413.819449531344,6.359635060966173,2609.326663445392,194.2767058056411,0.0744547275461154,0.011707389941775,0.0414272097973367,1108.0,T_6A,1108.0,6A,6.7,7.0,2.070106382978724,1.1000208333333334,4545.0,4303.0,5500.0,8
608,77,1961,2023,30,75,P_2200207,t_horntje_texel_noordoostelijke_dijk_,HHNK,62,4.0,,1109.0,T_7B,594.0,1109.0,7B,0.3295888226192154,3359.3940528093867,2834.395485109227,2648.101847778108,6.953615592155819,2615.09267519921,217.36805184794613,0.083120592210518,0.0119535788409534,0.071399772706758,1110.0,T_7A,1110.0,7A,5.9,6.6,1.8340606060606064,0.9817300000000002,4548.0,4337.0,31500.0,8
609,77,1961,2023,30,75,P_2200207,t_horntje_texel_noordoostelijke_dijk_,HHNK,62,7.9,,1111.0,T_8B,595.0,1111.0,8B,0.3343629081178618,1400.6443922087735,1149.8812905385096,907.2339400034742,3.2997923576694568,3579.9555474904346,158.52953545480722,0.0442825429958026,0.0134197968223303,0.1936147799784221,1112.0,T_8A,1112.0,8A,13.1,12.6,0.981375,0.5606666666666666,1783.0,1889.0,90.0,8
610,78,1961,2023,30,76,P_2200207,t_hortnje_texel_zuidoostelijke_havendam_,HHNK,62,6.6,6.8,1113.0,T_9B,596.0,1113.0,9B,0.3425279244899381,2634.0028286872325,2236.857022025773,2007.1555387787455,5.997677365423083,2980.4084663110616,218.0818272179816,0.0731717916128146,0.0122000213006877,0.0995919268376304,,,,,,,,,,,,8
611,79,1992,2023,31,77,P_2202064,maeslantkering_,Rijkswaterstaat,31,1.7,,1114.0,T_1B,597.0,1114.0,1B,0.3206903713265119,2461.1133054615666,2171.9557566024514,1507.279315244389,7.989317775241781,5286.446121196704,605.5633892857529,0.114550186534138,0.014337918425165,0.2895781660345721,1115.0,T_1A,1115.0,1A,6.7,6.6,3.4085769230769243,1.7596666666666667,912.0,885.0,600.0,8
612,79,1992,2023,31,77,P_2202064,maeslantkering_,Rijkswaterstaat,31,3.2,,1116.0,T_2B,598.0,1116.0,2B,0.3198688332367134,2293.3669877554444,1406.756068430394,829.6461627712577,9.30264,11207.224672161134,1708.5586865806686,0.152451542336324,0.016387986887198,0.4741880614190619,1117.0,T_2A,1117.0,2A,18.7,19.0,4.692545454545456,2.4224166666666664,2411.0,2378.0,150.0,8
613,79,1992,2023,31,77,P_2202064,maeslantkering_,Rijkswaterstaat,31,2.4,5.8,1118.0,T_3B,599.0,1118.0,3B,0.3202569584328268,2129.5902726829254,1912.357272307443,1251.007081469737,8.604913108283212,6870.5051911664505,873.0895877710877,0.127077931458903,0.0147680667846112,0.3329451075126806,1119.0,T_3A,1119.0,3A,14.1,9.2,4.2742,1.9000000000000004,116.0,977.0,60.0,8
614,79,1992,2023,31,77,P_2202064,maeslantkering_,Rijkswaterstaat,31,2.9,,1120.0,T_4B,600.0,1120.0,4B,0.3374633869799382,1812.6297799274405,1711.6894092010073,1443.8408208723686,4.989307169909886,3435.1807626707405,223.12894551693657,0.064954062371804,0.0130186537248171,0.1600655404179893,1121.0,T_4AH,1121.0,4AH,2.3,4.4,1.1652773109243688,0.6370166666666671,374.0,312.0,41500.0,8
615,79,1992,2023,31,77,P_2202064,maeslantkering_,Rijkswaterstaat,31,2.7,6.1,1123.0,T_5B,601.0,1123.0,5B,0.3139232943359479,2086.336633663366,1529.4377566916862,916.6560846560844,9.7452,10608.750000000004,1656.9922199366897,0.1561910894249265,0.0160274893716831,0.4394211883330672,1124.0,T_5A,1124.0,5A,6.1,5.1,1.37469696969697,0.7417164179104476,794.0,592.0,15000.0,8
616,79,1992,2023,31,77,P_2202064,maeslantkering_,Rijkswaterstaat,31,0.9,,1125.0,T_6B,602.0,1125.0,6B,0.3219199156674438,2377.313365140761,2326.2674424467564,1727.8987082182416,6.964211107110362,4026.8887090702033,383.82982794958826,0.0953167210916572,0.0136866501640566,0.2307097913135815,1126.0,T_6A,1126.0,6A,11.4,12.6,2.0814090909090908,1.0962985074626863,2549.0,2322.0,15000.0,8
617,79,1992,2023,31,77,P_2202064,maeslantkering_,Rijkswaterstaat,31,3.1,,1127.0,T_7B,603.0,1127.0,7B,0.3213956156712247,2385.2919511343102,1355.9562057424953,771.6477487339904,9.439574461783304,12214.413000000004,1955.057531322768,0.1600615216893982,0.0169564340360274,0.526800532621712,1128.0,T_7A,1128.0,7A,17.5,16.9,3.775840000000001,1.947653846153846,2480.0,2475.0,500.0,8
618,79,1992,2023,31,77,P_2202064,maeslantkering_,Rijkswaterstaat,31,2.7,,1129.0,T_8B,604.0,1129.0,8B,0.3144675732379749,2429.1918257351467,1545.7699828226946,953.6300130065606,9.91344,10373.65513495093,1632.3249337861182,0.1573529206968224,0.0158726860400448,0.425542829822488,1130.0,T_8A,1130.0,8A,15.3,14.9,1.8953913043478257,1.0037021276595748,2634.0,2449.0,5000.0,8
619,80,1975,2023,32,78,P_2202263,beermond_oostzijde_,Havenbedrijf Rotterdam,48,5.64206268958544,4.2,1131.0,T_1B,605.0,1131.0,1B,0.3349542930631208,3803.32907585644,3441.6667538550773,2959.952996745678,7.621609174589026,2535.766035680484,243.4387584915124,0.0960020581812803,0.0125960352967661,0.1119173548977717,1132.0,T_1A,1132.0,1A,6.5,6.4,2.4623358778625986,1.2956136363636368,4830.0,4668.0,47500.0,6
620,81,1995,2023,32,79,P_2202263,beerkanaal_noordoostzijde_,Havenbedrijf Rotterdam,28,2.729528535980149,5.2,1133.0,T_10B,606.0,1133.0,10B,0.3050794573944168,4907.461999099716,4326.330546372183,4109.1798510025055,6.664075767562012,1624.9417066077958,126.22201568268429,0.0776778731011732,0.0116562109751628,0.0366440885011712,,,,,,,,,,,,8
621,81,1995,2023,32,79,P_2202263,beerkanaal_noordoostzijde_,Havenbedrijf Rotterdam,28,2.93631100082713,5.2,1135.0,T_11B,607.0,1135.0,11B,0.3393135128340904,4108.760549633252,3389.098827141685,3298.7724322660047,6.578425825441437,1977.2957271885136,149.1528639443166,0.0754327548951894,0.0114666877603849,0.0232517555195588,1136.0,T_11A,1136.0,11A,7.1,7.5,2.6913658536585365,1.4115238095238092,3820.0,4689.0,2500.0,8
622,81,1995,2023,32,79,P_2202263,beerkanaal_noordoostzijde_,Havenbedrijf Rotterdam,28,2.6881720430107525,5.2,1137.0,T_12B,608.0,1137.0,12B,0.3301633804021365,3850.8421536163232,3135.956642840956,2914.008773792333,5.902325512905416,2018.2296556886183,143.6140485380397,0.0711584274531129,0.0120559984869565,0.0725303762554851,1138.0,T_12A,1138.0,12A,5.1,4.1,2.474305263157893,1.3006666666666675,2187.0,3248.0,29500.0,8
623,81,1995,2023,32,79,P_2202263,beerkanaal_noordoostzijde_,Havenbedrijf Rotterdam,28,2.481389578163772,5.2,1139.0,T_13B,609.0,1139.0,13B,0.3328986187148182,3272.5577912489366,3306.610466046453,3277.9762008393323,5.9586290719819415,1818.525016397503,123.25701027701712,0.067778561837543,0.0113748583808051,-0.0048131870817487,1140.0,T_13A,1140.0,13A,7.1,7.8,2.907441860465117,1.5193181818181822,3953.0,3999.0,3500.0,8
624,81,1995,2023,32,79,P_2202263,beerkanaal_noordoostzijde_,Havenbedrijf Rotterdam,28,2.6468155500413566,5.2,1141.0,T_14B,610.0,1141.0,14B,0.3318778603671634,3078.125784626346,2822.1738462096214,2707.319920769948,6.730402048176674,2479.096175779817,196.53066180939027,0.0792751260436962,0.0117786612859439,0.0592618784013492,1142.0,T_14A,1142.0,14A,7.4,8.1,1.8454135338345847,0.9879104477611942,4424.0,4341.0,48500.0,8
625,81,1995,2023,32,79,P_2202263,beerkanaal_noordoostzijde_,Havenbedrijf Rotterdam,28,1.943755169561621,5.2,1143.0,T_15B,611.0,1143.0,15B,0.3359982918043795,3295.995358441741,2926.160588879576,2568.2875782313386,4.184683238246891,1630.1512079540412,84.527264449128,0.0518524073329466,0.0123909993614401,0.1084719308276313,1144.0,T_15A,1144.0,15A,6.5,5.8,2.9392678571428577,1.533263157894737,2906.0,2762.0,10000.0,8
626,81,1995,2023,32,79,P_2202263,beerkanaal_noordoostzijde_,Havenbedrijf Rotterdam,28,2.109181141439206,5.2,1145.0,T_16B,612.0,1145.0,16B,0.3220919480796335,3058.310140953915,2796.61400200565,2829.016016969255,5.564426380219676,1967.9094397122344,122.96920978743344,0.062487230004555,0.0112297702826446,-0.0075859635759185,1146.0,T_16A,1146.0,16A,8.4,7.4,3.2002333333333324,1.6682903225806451,4432.0,4330.0,1000.0,8
627,82,1975,2023,32,80,P_2202263,beneluxhaven_westzijde_,Havenbedrijf Rotterdam,48,9.897582618070237,5.4,1147.0,T_18B,613.0,1147.0,18B,0.3430839798378185,1660.6145965821945,1403.0439544629264,1117.0767857959218,2.4434224527063804,2181.305441143245,70.94153594520081,0.0325225136320292,0.0133102295086167,0.1778596917842701,,,,,,,,,,,,6
628,82,1975,2023,32,80,P_2202263,beneluxhaven_westzijde_,Havenbedrijf Rotterdam,48,2.268109632209637,5.4,1148.0,T_19B,614.0,1148.0,19B,0.3471314632595461,2672.7126394717206,1529.074473813077,1082.7209381168084,0.9608065604848556,818.6264999999997,12.206430897572435,0.0149108670407963,0.0155191145169447,0.2963631020516017,1149.0,T_19A,1149.0,19A,10.0,14.6,0.4406041666666667,0.286734693877551,1582.0,729.0,6000.0,6
629,80,1975,2023,32,78,P_2202263,beermond_oostzijde_,Havenbedrijf Rotterdam,48,2.285136501516684,4.2,1150.0,T_2B,615.0,1150.0,2B,0.3407987814463177,1759.885673815092,1587.3488131820482,1372.2168960712322,4.924474780934112,3528.0508665175958,221.86098541065556,0.0628848601691636,0.0127698613489975,0.1275819731785698,1151.0,T_2A,1151.0,2A,6.4,5.5,0.7311067961165043,0.4282211538461536,1165.0,1032.0,33500.0,6
630,82,1975,2023,32,80,P_2202263,beneluxhaven_westzijde_,Havenbedrijf Rotterdam,48,13.54646100261226,5.4,1152.0,T_20B,616.0,1152.0,20B,0.3482468649295618,1319.4895316627037,666.6458254903414,453.8200056034082,0.5945877102214957,1304.2319999999995,11.6313143614007,0.0089181329406123,0.0149988517880568,0.3492045924339783,1153.0,T_20A,1153.0,20A,3.6,4.8,0.6220761904761904,0.3752830188679244,1289.0,1279.0,34500.0,6
631,82,1975,2023,32,80,P_2202263,beneluxhaven_westzijde_,Havenbedrijf Rotterdam,48,7.782891736119743,5.4,1154.0,T_21B,617.0,1154.0,21B,0.3421463928074573,1670.3042108266868,1323.0496403414447,1228.698463702459,1.605357206448912,1290.348,25.81318468929442,0.0200048240391696,0.0124612914551402,0.0942363883338778,1155.0,T_21A,1155.0,21A,8.3,8.7,0.5196282051282048,0.324493670886076,1098.0,1005.0,21000.0,6
632,82,1975,2023,32,80,P_2202263,beneluxhaven_westzijde_,Havenbedrijf Rotterdam,48,20.180785338143213,5.4,1156.0,T_24B,618.0,1156.0,24B,0.3428921745165257,517.0333126192863,466.76763428192487,337.9145504453244,0.6151646438173023,1781.260124275326,15.429640607141955,0.0086622051416657,0.014081116703837,0.2450327021013121,,,,,,,,,,,,6
633,82,1975,2023,32,80,P_2202263,beneluxhaven_westzijde_,Havenbedrijf Rotterdam,48,13.173280258738645,5.4,1157.0,T_25B,619.0,1157.0,25B,0.3461418701252493,543.4837112822738,418.2862933177613,316.93967345767584,0.485827960616995,1524.1714134343697,9.80570132537721,0.0064334636110792,0.0132422670834112,0.2018654469522246,1158.0,T_25A,1158.0,25A,8.6,8.1,0.34086,0.234078431372549,531.0,473.0,7000.0,6
634,80,1975,2023,32,78,P_2202263,beermond_oostzijde_,Havenbedrijf Rotterdam,48,3.902932254802831,4.2,1159.0,T_3B,620.0,1159.0,3B,0.3120473753803942,2162.715413713573,2157.904906560231,1751.8804621227457,5.099648566355054,2913.047261512928,190.83881563918644,0.0655117471523863,0.012846325839902,0.151507352504123,,,,,,,,,,,,6
635,80,1975,2023,32,78,P_2202263,beermond_oostzijde_,Havenbedrijf Rotterdam,48,4.105156723963599,4.2,1161.0,T_4B,621.0,1161.0,4B,0.3378524882962739,2002.2656071310205,1857.0594466948407,1536.2993317844223,3.859341170229728,2506.415861491253,122.52432532282508,0.0488842762309708,0.0126664821985823,0.1397053214371428,,,,,,,,,,,,6
636,80,1975,2023,32,78,P_2202263,beermond_oostzijde_,Havenbedrijf Rotterdam,48,7.82608695652174,4.2,1163.0,T_6B,622.0,1163.0,6B,0.3457628247742946,726.3673753102299,576.5174778262658,439.4842441137692,0.925760991679534,2497.226460364352,36.64455669751042,0.0146741023608102,0.0158508540462352,0.2125903345369943,,,,,,,,,,,,6
637,80,1975,2023,32,78,P_2202263,beermond_oostzijde_,Havenbedrijf Rotterdam,48,3.1344792719919106,4.2,1164.0,T_7B,623.0,1164.0,7B,0.3407161304314455,3250.910337617619,2474.553005222115,2054.924021015109,4.256085852605095,2007.530444808109,113.619057551803,0.056596430627314,0.0132977652677452,0.1507111130559235,1165.0,T_7A,1165.0,7A,25.1,7.9,1.93575,1.0560000000000005,79.0,3456.0,50.0,6
638,81,1995,2023,32,79,P_2202263,beerkanaal_noordoostzijde_,Havenbedrijf Rotterdam,28,2.522746071133168,5.2,1166.0,T_9B,624.0,1166.0,9B,0.3193047305823537,3741.2845225119568,3244.0005655304462,3113.9424988943124,7.373504203905446,2327.987467734325,202.85346247741143,0.0871368361251683,0.011817561055843,0.0330549400522881,1167.0,T_9A,1167.0,9A,6.2,6.0,3.6680250000000014,1.8972926829268295,3023.0,2981.0,2000.0,8
639,83,2023,2023,33,81,P_2300963,almereduin_,Waterschap Zuiderzeeland,0,4.08997955010225,6.05,1168.0,T_18B,625.0,1168.0,18B,0.3325549038274733,2662.936147455492,2221.017645028201,1429.1532622633054,8.291149423309045,6436.837338272094,1141.993197385238,0.1774152642626502,0.0213981506308256,0.3469191832352149,1169.0,T_18A,1169.0,18A,11.0,11.3,2.4483703703703696,1.280535714285714,2130.0,2045.0,700.0,8
640,83,2023,2023,33,81,P_2300963,almereduin_,Waterschap Zuiderzeeland,0,3.476482617586912,6.05,1170.0,T_19B,626.0,1170.0,19B,0.3253618724134608,1492.1475139725555,1152.5024439056017,732.6602478829357,6.3237745691161855,9580.212083634802,1024.5140823890265,0.1069406473933005,0.0169108886195237,0.3737740552369331,1171.0,T_19A,1171.0,19A,9.7,9.9,1.638777777777778,0.872171875,3157.0,2859.0,13500.0,8
641,83,2023,2023,33,81,P_2300963,almereduin_,Waterschap Zuiderzeeland,0,4.130879345603272,6.05,1172.0,T_22B,627.0,1172.0,22B,0.328773680436001,2244.072113733196,1901.0464067649723,1399.4017565985228,7.786884548568278,6168.7747123207455,745.729570465289,0.1208877946176023,0.0155245392253605,0.2521740447389363,1173.0,T_22A,1173.0,22A,11.6,11.8,2.746375,1.4255757575757575,2453.0,2330.0,1200.0,8
642,83,2023,2023,33,81,P_2300963,almereduin_,Waterschap Zuiderzeeland,0,2.494887525562372,6.05,1174.0,T_24B,628.0,1174.0,24B,0.3234617015294792,2314.4415732791067,1992.6307939341643,1448.1153560342575,7.496003381334828,5745.502340858908,666.3100049967336,0.1159707133453409,0.0154710060075626,0.2469076191408691,1175.0,T_24A,1175.0,24A,12.0,13.0,2.2374444444444443,1.1722500000000002,2450.0,2241.0,700.0,8
643,83,2023,2023,33,81,P_2300963,almereduin_,Waterschap Zuiderzeeland,0,4.049079754601228,6.05,1176.0,T_26B,629.0,1176.0,26B,0.3367189174142936,1882.429170326668,1639.0481926031705,1092.8048782777848,8.367339323261325,8483.5439337725,1158.539516102344,0.1365631539303126,0.0163209771534739,0.3182756857820526,1177.0,T_26A,1177.0,26A,9.2,9.3,1.4301969696969694,0.7693134328358214,2313.0,2091.0,15000.0,8
644,83,2023,2023,33,81,P_2300963,almereduin_,Waterschap Zuiderzeeland,0,4.130879345603272,6.05,1178.0,T_28B,630.0,1178.0,28B,0.3121978864790192,2661.489628258056,2157.7167756881795,1518.3705427805578,8.946802052019946,6568.887246596843,927.1019711407324,0.1411353150597977,0.015774945532402,0.2702246988246199,1179.0,T_28A,1179.0,28A,14.0,13.6,1.8171395348837207,0.9628409090909092,2075.0,1878.0,3500.0,8
645,83,2023,2023,33,81,P_2300963,almereduin_,Waterschap Zuiderzeeland,0,3.476482617586912,6.05,1180.0,T_31B,631.0,1180.0,31B,0.3211995771563875,2707.4668833358232,1900.7960690038456,1264.793696194194,7.889870600583157,6916.766999999997,909.6625870672408,0.1315155746994573,0.0166689140237276,0.34737285297379,1181.0,T_31A,1181.0,31A,11.4,12.1,2.7270666666666656,1.4186774193548386,2035.0,2014.0,1000.0,8
646,83,2023,2023,33,81,P_2300963,almereduin_,Waterschap Zuiderzeeland,0,4.049079754601228,6.05,1182.0,T_8B,632.0,1182.0,8B,0.3321513880868616,1517.56119960755,1505.1231285169308,1122.024692202487,7.497242479458072,7421.012909051151,824.4446162112475,0.1110959684769852,0.0148182440118991,0.2084126773213093,1183.0,T_8A,1183.0,8A,10.5,10.6,2.0381363636363634,1.0716000000000006,2656.0,2618.0,4000.0,8
647,84,1970,2023,34,82,P_2301408,helderse_zeewering_-_kaaphoofd_,HHNK,53,6.137339055793992,6.4,1184.0,T_H1,633.0,1184.0,H1,0.3369957942988139,2729.21447652312,2497.5256130329035,2318.602766482424,4.307329477585186,2071.5970984148767,116.85845231069862,0.0564098358701675,0.0130962435457323,0.0607957272043185,,,,,,,,,,,,8
648,85,1976,2023,34,83,P_2301408,schoor-wierum_,HHNK,47,1.2267343485617597,6.9,1185.0,T_W10,634.0,1185.0,W10,0.342419714903531,1473.572377825216,1103.685367885353,894.0436889008141,3.871807332870583,4811.854499999999,271.92949500076224,0.0565124101322603,0.0145958735220333,0.1917809726310565,,,,,,,,,,,,8
649,85,1976,2023,34,83,P_2301408,schoor-wierum_,HHNK,47,0.9306260575296108,6.9,1186.0,T_W11,635.0,1186.0,W11,0.3311237246802423,3237.647900278845,2368.282388642506,2028.9523159175287,4.412150955217048,2391.571170969078,151.33366734697478,0.063277927574973,0.0143417412997058,0.1521357657154592,,,,,,,,,,,,8
650,85,1976,2023,34,83,P_2301408,schoor-wierum_,HHNK,47,2.284263959390863,6.9,1187.0,T_W12,636.0,1187.0,W12,0.3331232691971891,3407.536535155137,2974.877755449395,2812.7875683938905,5.571808383233533,2199.395755110651,158.2417783769413,0.0719478420421795,0.0129128349529539,0.0472756210579795,,,,,,,,,,,,8
651,85,1976,2023,34,83,P_2301408,schoor-wierum_,HHNK,47,2.45346869712352,6.9,1188.0,T_W13,637.0,1188.0,W13,0.3394157542495248,1868.3821760246692,1624.3498946621542,1274.4161732587295,5.623816211281475,4911.31590111735,404.89806317161873,0.0824418692105515,0.0146594173979533,0.1874128092342185,,,,,,,,,,,,8
652,85,1976,2023,34,83,P_2301408,schoor-wierum_,HHNK,47,2.241962774957699,6.9,1189.0,T_W14,638.0,1189.0,W14,0.3292461357556789,2362.114337014818,2181.4243948015774,1984.4087034840445,5.597837131659169,3102.069676484789,233.52058709180403,0.0752789625784374,0.0134478658110092,0.0823904947169919,,,,,,,,,,,,8
653,85,1976,2023,34,83,P_2301408,schoor-wierum_,HHNK,47,2.961082910321489,6.9,1190.0,T_W15,639.0,1190.0,W15,0.3403593779450164,3009.785372206047,2108.0194765298625,1659.769367458568,3.1288796998616752,2088.611999999999,96.93298021891208,0.046410238100189,0.0148328611362849,0.2004444320941551,,,,,,,,,,,,8
654,85,1976,2023,34,83,P_2301408,schoor-wierum_,HHNK,47,2.284263959390863,6.9,1191.0,T_W16,640.0,1191.0,W16,0.3425374137724049,1623.0802473458614,1571.806483005434,1326.2693256832974,3.0750087007924285,2569.1047445092186,111.35388205572067,0.043343457402315,0.0140953934182837,0.1386019357259348,,,,,,,,,,,,8
655,84,1970,2023,34,82,P_2301408,helderse_zeewering_-_kaaphoofd_,HHNK,53,0.1287553648068669,6.4,1192.0,T_H2,641.0,1192.0,H2,0.3395616859930467,2900.770807872993,2887.798350661736,2511.284347224058,5.5009214411148415,2432.332713171402,179.9858468227365,0.0739972150389169,0.0134517854564962,0.0867250680041801,,,,,,,,,,,,8
656,84,1970,2023,34,82,P_2301408,helderse_zeewering_-_kaaphoofd_,HHNK,53,6.094420600858369,6.4,1193.0,T_H3,642.0,1193.0,H3,0.3383737897920471,2367.4263346512366,2321.000312221602,2266.670810198903,3.707788937409788,1816.369366692585,85.06240677145267,0.0468310071350422,0.0126304403852495,0.0224065852160392,,,,,,,,,,,,8
657,84,1970,2023,34,82,P_2301408,helderse_zeewering_-_kaaphoofd_,HHNK,53,3.6909871244635193,6.4,1194.0,T_H4,643.0,1194.0,H4,0.3419500399504876,3732.011591740884,2877.1112532247685,2415.3613765285127,4.482279214326656,2039.089302467628,130.5992186501538,0.0640478170780002,0.0142891181060932,0.142293482823753,,,,,,,,,,,,8
658,84,1970,2023,34,82,P_2301408,helderse_zeewering_-_kaaphoofd_,HHNK,53,6.437768240343347,6.4,1195.0,T_H5,644.0,1195.0,H5,0.3181384521960222,3223.103170521723,2485.7197635519187,2150.105123363214,3.741807305179816,1916.5439999999996,97.47028411593412,0.050857316146112,0.0135916448919509,0.0889850184300567,,,,,,,,,,,,8
659,84,1970,2023,34,82,P_2301408,helderse_zeewering_-_kaaphoofd_,HHNK,53,3.433476394849785,6.4,1196.0,T_H6,645.0,1196.0,H6,0.3375167807832195,2721.556587965641,2359.378839328336,1957.020907358684,4.4144697137036575,2497.248126453888,159.84978424512087,0.0640103730789894,0.0145001273607755,0.1726075257299416,,,,,,,,,,,,8
660,84,1970,2023,34,82,P_2301408,helderse_zeewering_-_kaaphoofd_,HHNK,53,6.008583690987124,6.4,1197.0,T_H7,646.0,1197.0,H7,0.336270740073911,2228.782184389571,1875.191515039534,1749.2463136395809,3.7879426887833314,2403.6169868006714,119.95405983596868,0.0499056465712672,0.0131748684369078,0.0660722721893707,,,,,,,,,,,,8
661,84,1970,2023,34,82,P_2301408,helderse_zeewering_-_kaaphoofd_,HHNK,53,6.266094420600858,6.4,1198.0,T_H8,647.0,1198.0,H8,0.3384480854003865,3276.2586966151084,2200.210492359457,1842.819922447702,4.597084020260652,2771.7690000000007,184.27135453343465,0.0664814977487065,0.0144616668861616,0.1708699287353219,,,,,,,,,,,,8
662,85,1976,2023,34,83,P_2301408,schoor-wierum_,HHNK,47,2.0727580372250425,6.9,1199.0,T_W9,648.0,1199.0,W9,0.3394279900416647,1571.1765792205829,895.383682843227,543.0391217719247,5.005027804772704,10209.78,916.941727017793,0.089810135675577,0.0179439833660735,0.4490634227125865,,,,,,,,,,,,8
663,86,1953,2014,35,24,P_1400863,"van_pallandtdijk_13,45 - 15,85",Hollandse Delta,61,8.83305547796046,7.4,1200.0,T_1B,649.0,1200.0,1B,0.3554706358225847,499.9910144565645,1006.2602558124792,745.064240468712,2.0784610077811383,2737.9800000000005,78.80597193425395,0.0287825228578199,0.0138479975087657,0.1988724536473305,,,,,,,,,,,,12
664,86,1953,2014,35,24,P_1400863,"van_pallandtdijk_13,45 - 15,85",Hollandse Delta,61,3.9349626088135023,7.4,1201.0,T_10B,650.0,1201.0,10B,0.3546723475065165,1361.168822601931,1145.129266812488,694.629701936165,5.167877842544131,7439.759382789894,598.8615424568621,0.0804947460857652,0.0155759769364319,0.3990564998259439,,,,,,,,,,,,12
665,86,1953,2014,35,24,P_1400863,"van_pallandtdijk_13,45 - 15,85",Hollandse Delta,61,1.644245546587742,7.4,1202.0,T_11B,651.0,1202.0,11B,0.3532765140236863,1150.6832728352374,855.752405493349,516.7677354429217,6.276118797419565,12136.699857976158,1213.2780165638044,0.0999677038042962,0.0159282682548007,0.4297278144436423,,,,,,,,,,,,12
666,86,1953,2014,35,24,P_1400863,"van_pallandtdijk_13,45 - 15,85",Hollandse Delta,61,2.742318519276264,7.4,1203.0,T_12B,652.0,1203.0,12B,0.3511885782308213,1480.9260876271328,847.0901063157532,465.45986639433056,6.078607580655828,13057.744736842107,1389.3755647762896,0.106402414258888,0.017504405877013,0.5658810520163923,,,,,,,,,,,,12
667,87,1965,2014,35,31,P_1400863,"lauwersmeerdijk_friesland_57,5 - 61,8",Wetterskip Fryslân,49,6.093735635361105,7.1,1204.0,T_13B,653.0,1204.0,13B,0.3510686252416816,1190.5057525568998,1140.021312689466,1004.2027147186874,6.055433632482608,6030.09088078292,449.7719602471128,0.0745879239864319,0.0123175198529675,0.1129846467542251,,,,,,,,,,,,10
668,87,1965,2014,35,31,P_1400863,"lauwersmeerdijk_friesland_57,5 - 61,8",Wetterskip Fryslân,49,3.09230944273614,7.1,1205.0,T_14B,654.0,1205.0,14B,0.3515647906552066,1320.4408506670757,1209.891700104938,816.9788354125964,6.54861241148719,8015.645115433087,759.7796711404563,0.094787089522913,0.0144743777104051,0.2923756256676634,,,,,,,,,,,,10
669,87,1965,2014,35,31,P_1400863,"lauwersmeerdijk_friesland_57,5 - 61,8",Wetterskip Fryslân,49,3.231988936287961,7.1,1206.0,T_16B,655.0,1206.0,16B,0.3488481669143974,1202.074935287693,1118.381464458255,791.0652118096999,7.817372798776465,9887.889340646096,1102.4098054169692,0.1114909125130778,0.0142619413686562,0.2759495268037384,,,,,,,,,,,,10
670,87,1965,2014,35,31,P_1400863,"lauwersmeerdijk_friesland_57,5 - 61,8",Wetterskip Fryslân,49,3.9327674687917793,7.1,1207.0,T_17B,656.0,1207.0,17B,0.3525115982547485,2008.9480424445987,1955.3733799847505,1566.2155360107074,5.744840628644449,3658.087294203699,273.7435172926611,0.0748324179486947,0.0130260215706544,0.16222201948377,,,,,,,,,,,,10
671,87,1965,2014,35,31,P_1400863,"lauwersmeerdijk_friesland_57,5 - 61,8",Wetterskip Fryslân,49,2.8738131071238224,7.1,1208.0,T_18B,657.0,1208.0,18B,0.3495487881887336,1542.382948789153,1094.138618828495,666.7115551920695,8.496418801181735,12746.85658612834,1729.923530648775,0.13571373608544,0.0159730516187083,0.4318812807503514,,,,,,,,,,,,10
672,87,1965,2014,35,31,P_1400863,"lauwersmeerdijk_friesland_57,5 - 61,8",Wetterskip Fryslân,49,5.585818207359066,7.1,1209.0,T_19B,658.0,1209.0,19B,0.355353227395931,1507.5852403717654,1422.3702330424994,1224.897499921431,4.510021139930076,3680.283959987464,211.56850402890475,0.0574870054400979,0.0127465046518583,0.1421135880082127,,,,,,,,,,,,10
673,86,1953,2014,35,24,P_1400863,"van_pallandtdijk_13,45 - 15,85",Hollandse Delta,61,1.797488967817809,7.4,1210.0,T_2B,659.0,1210.0,2B,0.3542827338863143,1816.847875800354,1649.889578680101,1841.722358847336,4.1630669785408925,2247.93532690779,100.00151733867952,0.0444859405613948,0.0106858575157939,-0.0473876576516114,,,,,,,,,,,,12
674,87,1965,2014,35,31,P_1400863,"lauwersmeerdijk_friesland_57,5 - 61,8",Wetterskip Fryslân,49,4.940081829210181,7.1,1211.0,T_20B,660.0,1211.0,20B,0.35465334552439,1329.3972378958142,1726.8503873028374,1444.7025533444785,4.3497417401868335,2999.542124274916,164.57566981436486,0.0548669306833448,0.0126138363977876,0.1265219455134871,,,,,,,,,,,,10
675,87,1965,2014,35,31,P_1400863,"lauwersmeerdijk_friesland_57,5 - 61,8",Wetterskip Fryslân,49,8.016204599896957,7.1,1212.0,T_21B,661.0,1212.0,21B,0.3586391080871134,628.0129569841749,519.9333065292891,454.4115855148684,1.4366412340932813,3152.1200882099824,57.5243775311496,0.0182494244893494,0.0127028405257122,0.1285405991489991,,,,,,,,,,,,10
676,87,1965,2014,35,31,P_1400863,"lauwersmeerdijk_friesland_57,5 - 61,8",Wetterskip Fryslân,49,8.825127131638613,7.1,1213.0,T_22B,662.0,1213.0,22B,0.3576259070378549,397.6383688162143,515.6949776945685,353.3362679426687,1.2796426279811683,3576.329999999999,65.98567352276527,0.0184506668911328,0.0144186091395233,0.2789113200384761,,,,,,,,,,,,10
677,87,1965,2014,35,31,P_1400863,"lauwersmeerdijk_friesland_57,5 - 61,8",Wetterskip Fryslân,49,3.470306270099415,7.1,1214.0,T_23B,663.0,1214.0,23B,0.3529326534802052,1534.6508597024529,1485.2052569188106,1170.9912252813622,7.266144452848888,6205.122887323943,583.8198296992513,0.0940867474021989,0.0129486480777724,0.1723566403348499,,,,,,,,,,,,10
678,89,1976,2014,35,86,P_1400863,"langgrousterwei_57,5 - 61,8",Hollandse Delta,38,5.012667512625138,7.1,1215.0,T_24B,664.0,1215.0,24B,0.3540697109893741,797.2772647227106,1256.8719728783665,986.96863049028,3.360483870967742,3394.7617848036707,148.9795893704154,0.0438851379903321,0.0130591723321362,0.1624671078271853,,,,,,,,,,,,1
679,88,1970,2014,35,85,P_1400863,"pettemer_zeewering_20,9 - 22",Hollandse Delta,44,11.729447899941633,6.8,1216.0,T_25B,665.0,1216.0,25B,0.3555108645361585,2117.8446218801264,1802.2300103395496,1854.9696359902184,5.300545810331882,2822.8219811320755,170.5420896376958,0.0604154604072131,0.0113979696750192,0.0073775939760519,,,,,,,,,,,,12
680,88,1970,2014,35,85,P_1400863,"pettemer_zeewering_20,9 - 22",Hollandse Delta,44,3.536409982083256,6.8,1217.0,T_26B,666.0,1217.0,26B,0.3533540534624551,1028.1650863680818,595.3510838595489,351.51724224984105,5.47086892990354,15565.874795683156,1407.9457125068222,0.0904507925823278,0.0165331675354033,0.4850559737016797,,,,,,,,,,,,12
681,88,1970,2014,35,85,P_1400863,"pettemer_zeewering_20,9 - 22",Hollandse Delta,44,11.582031382809744,6.8,1218.0,T_27B,667.0,1218.0,27B,0.3560612985567103,743.1203740010916,706.8875560567382,577.3980924895885,4.157080009511449,7199.677421148404,388.2051232570279,0.0539197939780899,0.0129705932661196,0.1743157402367596,,,,,,,,,,,,12
682,88,1970,2014,35,85,P_1400863,"pettemer_zeewering_20,9 - 22",Hollandse Delta,44,6.970234077049319,6.8,1219.0,T_28B,668.0,1219.0,28B,0.3573009093430183,2370.027019317753,2225.837723411752,2081.943760263933,4.780557500820337,2291.976118421052,131.75145616201272,0.0574837822711593,0.0120244934322608,0.0716579305613707,,,,,,,,,,,,12
683,88,1970,2014,35,85,P_1400863,"pettemer_zeewering_20,9 - 22",Hollandse Delta,44,8.157490728164595,6.8,1220.0,T_29B,669.0,1220.0,29B,0.3521386526709062,1155.443896297404,1082.567658773781,1012.4890724689656,4.959831202356446,4898.651587677725,277.5979660362421,0.056668240446927,0.0114254373052057,0.0262531409190784,,,,,,,,,,,,12
684,86,1953,2014,35,24,P_1400863,"van_pallandtdijk_13,45 - 15,85",Hollandse Delta,61,4.79284183426182,7.4,1221.0,T_3B,670.0,1221.0,3B,0.3582708338808983,930.618416189769,839.6995725736477,540.145970700873,3.632770004134618,6736.318161153592,362.7551316840032,0.0538506529836888,0.0148235789555625,0.3314697757700137,,,,,,,,,,,,12
685,88,1970,2014,35,85,P_1400863,"pettemer_zeewering_20,9 - 22",Hollandse Delta,44,8.748160657505474,6.8,1222.0,T_30B,671.0,1222.0,30B,0.3521198513503865,1571.4528973039912,1479.086400624432,1393.1903897161824,5.508198181907897,3963.093786967666,257.55212010664485,0.0649876419663813,0.0117983485379734,0.0597528479266706,,,,,,,,,,,,12
686,88,1970,2014,35,85,P_1400863,"pettemer_zeewering_20,9 - 22",Hollandse Delta,44,9.211073478773487,6.8,1223.0,T_31B,672.0,1223.0,31B,0.3531851702093471,1366.440298403592,1269.4969069585843,1190.077893060031,2.768995282300901,2323.031403518859,76.65581546886135,0.0329981830433912,0.011917023930778,0.0665842851873608,,,,,,,,,,,,12
687,88,1970,2014,35,85,P_1400863,"pettemer_zeewering_20,9 - 22",Hollandse Delta,44,7.1417285254961325,6.8,1224.0,T_32B,673.0,1224.0,32B,0.3526502714975701,1809.96068394007,1689.1844310156798,1579.837330428434,4.647300718018422,2941.632425382762,161.93265557767086,0.0550485690123572,0.0118452780124436,0.0681860607657112,,,,,,,,,,,,12
688,88,1970,2014,35,85,P_1400863,"pettemer_zeewering_20,9 - 22",Hollandse Delta,44,2.9366363089475658,6.8,1225.0,T_33B,674.0,1225.0,33B,0.3519127994868569,1120.615060598688,752.5049971232811,452.8469476261655,6.608143197563553,14534.849999999997,1555.103659056933,0.1069913799631185,0.0161908386008594,0.4485615854440846,,,,,,,,,,,,12
689,88,1970,2014,35,85,P_1400863,"pettemer_zeewering_20,9 - 22",Hollandse Delta,44,4.864683214645591,6.8,1226.0,T_34B,675.0,1226.0,34B,0.3533621373327249,1461.6720175091434,1395.9360575698622,1301.1506572969588,4.994940016839016,3840.56835638298,228.42589138227453,0.0594771060389104,0.0119074715288672,0.0632007187237627,,,,,,,,,,,,12
690,88,1970,2014,35,85,P_1400863,"pettemer_zeewering_20,9 - 22",Hollandse Delta,44,7.601134957176971,6.8,1227.0,T_35B,676.0,1227.0,35B,0.3529196849138922,2117.1050402572205,1971.4461606146835,1913.3824091713016,5.271360469380272,2727.384469379195,166.1905482166397,0.0609340377502655,0.0115594518918242,0.0319674940064124,,,,,,,,,,,,12
691,88,1970,2014,35,85,P_1400863,"pettemer_zeewering_20,9 - 22",Hollandse Delta,44,5.760899758793124,6.8,1228.0,T_36B,677.0,1228.0,36B,0.3521319762500248,2137.6657665886546,1950.4246564568637,1880.1531533372784,6.0014301530149465,3178.621505848518,220.9047656818549,0.0694970336277535,0.0115800787238755,0.0419687717928086,,,,,,,,,,,,12
692,86,1953,2014,35,24,P_1400863,"van_pallandtdijk_13,45 - 15,85",Hollandse Delta,61,3.2569284128917397,7.4,1229.0,T_4B,678.0,1229.0,4B,0.3517468442846546,1500.8850276262658,1367.1994771002312,921.660282279374,6.0911393978050015,6620.565699591706,575.6384499988054,0.0869470187470997,0.0142743439394002,0.2949890784301557,,,,,,,,,,,,12
693,86,1953,2014,35,24,P_1400863,"van_pallandtdijk_13,45 - 15,85",Hollandse Delta,61,3.664873643993896,7.4,1230.0,T_5B,679.0,1230.0,5B,0.3534579310376885,959.2760707385876,705.6906753415377,412.8575382985059,6.649674868476947,16108.971986301372,1745.4053471253874,0.1083498902729256,0.016294013228611,0.4635573070292996,,,,,,,,,,,,12
694,86,1953,2014,35,24,P_1400863,"van_pallandtdijk_13,45 - 15,85",Hollandse Delta,61,2.2503045639183243,7.4,1231.0,T_6B,680.0,1231.0,6B,0.3547063980974884,1197.5297672506326,938.4975205817104,612.4115861825788,5.799059477417048,9464.832608355977,818.2792283501316,0.0864546962645401,0.0149083996467385,0.3331514770283024,,,,,,,,,,,,12
695,86,1953,2014,35,24,P_1400863,"van_pallandtdijk_13,45 - 15,85",Hollandse Delta,61,9.248518864311752,7.4,1232.0,T_7B,681.0,1232.0,7B,0.3574142353453632,434.3106199525407,378.0550654770664,268.42345746979896,1.6837144999469111,6260.415819536426,148.95631642173777,0.0237933582553575,0.0141314684028127,0.2693605458439634,,,,,,,,,,,,12
696,86,1953,2014,35,24,P_1400863,"van_pallandtdijk_13,45 - 15,85",Hollandse Delta,61,3.235383499510349,7.4,1233.0,T_8B,682.0,1233.0,8B,0.3530755903755565,1028.788090352548,671.3152356732174,380.7029787482044,6.211899709127176,16340.261328947368,1698.1765305524752,0.1039259101409898,0.0167301332937315,0.5086936043495722,,,,,,,,,,,,12
697,86,1953,2014,35,24,P_1400863,"van_pallandtdijk_13,45 - 15,85",Hollandse Delta,61,3.8605108310890737,7.4,1234.0,T_9B,683.0,1234.0,9B,0.3538029349940786,908.8159672782411,790.9695415352285,513.2656852288819,7.768070852679697,15111.007074484944,1758.064833885727,0.1163433267696786,0.0149771196705221,0.3458394990666539,,,,,,,,,,,,12
